root_id,primary_type,additional_types,super_class,flow,side,nt_type,nt_type_score
720575940622338742,lLN1_bc,"lLN1_b, lLN1_c",central,intrinsic,right,,0.0
720575940619071005,DM1_lPN,,central,intrinsic,right,ACH,0.92
720575940637136752,lLN2X04,,central,intrinsic,right,,0.0
720575940637623780,lLN2X03,lLN2T_a,central,intrinsic,right,SER,0.36
720575940640541091,lLN1_bc,"lLN1_b, lLN1_c",central,intrinsic,right,SER,0.38
720575940640803200,lLN2F_a,,central,intrinsic,right,,0.0
720575940610161091,lLN1_bc,"lLN1_b, lLN1_c",central,intrinsic,right,,0.0
720575940628059978,lLN2X11,,central,intrinsic,right,SER,0.43
720575940640415859,lLN2X07,lLN2R_a,central,intrinsic,right,ACH,0.45
720575940621542747,lLN1_a,,central,intrinsic,right,SER,0.44
720575940621585279,lLN2X12,,central,intrinsic,right,,0.0
720575940612347571,lLN1_bc,"lLN1_b, lLN1_c",central,intrinsic,right,,0.0
720575940646576436,lLN2T_c,,central,intrinsic,right,SER,0.39
720575940605758142,lLN2F_a,,central,intrinsic,right,,0.0
720575940648633988,lLN1_bc,"lLN1_b, lLN1_c",central,intrinsic,right,,0.0
720575940612637554,lLN2X12,,central,intrinsic,right,,0.0
720575940629792732,lLN1_bc,"lLN1_b, lLN1_c",central,intrinsic,right,,0.0
720575940622650879,lLN2X12,,central,intrinsic,right,ACH,0.42
720575940660217729,lLN1_bc,"lLN1_b, lLN1_c",central,intrinsic,right,,0.0
720575940613804259,lLN2T_c,,central,intrinsic,right,SER,0.34
720575940630225403,lLN2X12,,central,intrinsic,right,ACH,0.41
720575940616758322,lLN2X04,,central,intrinsic,right,,0.0
720575940616908177,lLN1_bc,"lLN1_b, lLN1_c",central,intrinsic,right,,0.0
720575940624832743,lLN2X12,,central,intrinsic,right,,0.0
720575940623137997,lLN1_bc,"lLN1_b, lLN1_c",central,intrinsic,right,,0.0
720575940617299131,lLN2X05,lLN2T_a,central,intrinsic,right,SER,0.38
720575940614956072,v2LN30,,central,intrinsic,right,,0.0
720575940622726271,DP1m_adPN,,central,intrinsic,right,ACH,0.94
720575940625584484,lLN2X10,,central,intrinsic,right,ACH,0.45
720575940618112310,lLN1_bc,"lLN1_b, lLN1_c",central,intrinsic,right,,0.0
720575940625585508,lLN1_bc,"lLN1_b, lLN1_c",central,intrinsic,right,,0.0
720575940615708482,lLN1_bc,"lLN1_b, lLN1_c",central,intrinsic,right,,0.0
720575940623792648,lLN1_bc,"lLN1_b, lLN1_c",central,intrinsic,right,,0.0
720575940631603281,lLN1_bc,"lLN1_b, lLN1_c",central,intrinsic,right,,0.0
720575940626342174,lLN1_bc,"lLN1_b, lLN1_c",central,intrinsic,right,,0.0
720575940616197819,lLN2X05,lLN2T_a,central,intrinsic,right,SER,0.4
720575940631704716,lLN1_bc,"lLN1_b, lLN1_c",central,intrinsic,right,,0.0
720575940624435128,lLN2X11,,central,intrinsic,right,SER,0.48
720575940623509256,ORN_VM4,,sensory,afferent,left,ACH,0.48
720575940640604951,ORN_VL1,,sensory,afferent,right,,0.0
720575940625006157,CB1058,"LHPD3a3_b, LHPD3a3_c",central,intrinsic,right,GLUT,0.72
720575940620477556,ORN_VM4,,sensory,afferent,left,ACH,0.63
720575940625879537,CB3228,,central,intrinsic,right,GABA,0.92
720575940641220853,SLP057,,central,intrinsic,right,GABA,0.84
720575940623242900,SLP235,,central,intrinsic,right,ACH,0.92
720575940622520140,CL115,,central,intrinsic,right,GABA,0.73
720575940639827765,SLP321,,central,intrinsic,right,ACH,0.94
720575940624107081,CB2133,,central,intrinsic,right,ACH,0.89
720575940606999682,CB1183,LHAV2c1,central,intrinsic,right,ACH,0.92
720575940637696858,LHAV2a3b,LHAV2a3,central,intrinsic,right,ACH,0.95
720575940609586545,PLP086b,PLP086,central,intrinsic,right,GABA,0.84
720575940620360557,AVLP397,,central,intrinsic,left,ACH,0.72
720575940637000846,AVLP281,,central,intrinsic,right,ACH,0.89
720575940622692101,MTe17,"hb577503616, hb671285134",visual_projection,intrinsic,right,ACH,0.91
720575940637326963,PLP087a,PLP087,central,intrinsic,right,GABA,0.82
720575940625376540,SLP308b,SLP308,central,intrinsic,right,GLUT,0.8
720575940623865232,SLP162c,SLP162,central,intrinsic,right,ACH,0.97
720575940618164534,CB1462,SLP043,central,intrinsic,right,ACH,0.87
720575940613762466,M_vPNml60,,central,intrinsic,right,GABA,0.94
720575940609895748,CB1899,"SLP335, SLP336",central,intrinsic,right,GLUT,0.76
720575940612444645,CB3092,"LHAV2b4, aSP9",central,intrinsic,right,ACH,0.77
720575940608557323,CB0483,,central,intrinsic,right,,0.0
720575940619434712,SLP230,,central,intrinsic,right,ACH,0.93
720575940629541626,LHAV7a6,,central,intrinsic,right,GLUT,0.76
720575940642495176,CB2688,"LHAV6a10, LHAV6f1_b, LHAV6f2",central,intrinsic,right,ACH,0.68
720575940610457457,CB2273,"SLP018, pSP3",central,intrinsic,right,GLUT,0.91
720575940640844195,LHAD1f3c,LHAD1f3_b,central,intrinsic,right,GLUT,0.76
720575940646415907,CB3231,"LHPD2a4_a, SIP049",central,intrinsic,right,ACH,0.83
720575940636648184,CB3775,SLP328,central,intrinsic,right,ACH,0.88
720575940615510338,LHAV7a7,,central,intrinsic,right,GLUT,0.8
720575940626604563,SIP013a,SIP013,central,intrinsic,right,GLUT,0.68
720575940628407098,CB1419,"LHAD1i2_a, SLP046",central,intrinsic,right,ACH,0.88
720575940623938599,CB0938,LHAD1i2_b,central,intrinsic,right,ACH,0.85
720575940628607606,SLP295b,SLP295,central,intrinsic,right,GLUT,0.73
720575940622195376,SMP248a,"SMP248, pSP5",central,intrinsic,right,ACH,0.93
720575940613093010,SLP241,,central,intrinsic,right,ACH,0.78
720575940629040119,CB1753,LHAV1f1,central,intrinsic,right,ACH,0.94
720575940622733133,CB1334,,central,intrinsic,right,GLUT,0.78
720575940636523621,CB2791,LHAV2b4,central,intrinsic,right,ACH,0.75
720575940618877531,CB2353,,central,intrinsic,right,ACH,0.8
720575940634785983,ATL002,,central,intrinsic,right,GLUT,0.65
720575940617786525,SMP568,,central,intrinsic,right,ACH,0.88
720575940617203549,SLP344,,central,intrinsic,right,GLUT,0.72
720575940640163517,CB2353,,central,intrinsic,right,ACH,0.8
720575940616541585,AN_multi_119,,ascending,afferent,right,ACH,0.88
720575940609551826,mAL_f1,"mAL1, mAL_fru",central,intrinsic,left,GABA,0.71
720575940624813437,SA_VTV_9,,sensory_ascending,afferent,right,ACH,0.83
720575940644965940,SLP285,,central,intrinsic,right,GLUT,0.76
720575940631366061,mAL4,mAL_fru,central,intrinsic,left,GLUT,0.79
720575940623218175,SMP345,,central,intrinsic,right,GLUT,0.84
720575940644153710,CB3142,"SLP125, SLP168",central,intrinsic,right,ACH,0.87
720575940609682756,CB3141,,central,intrinsic,right,GLUT,0.75
720575940624403843,AN_GNG_28,,ascending,afferent,right,ACH,0.91
720575940605341216,SLP285,,central,intrinsic,right,GLUT,0.77
720575940617707398,CB3141,,central,intrinsic,right,GLUT,0.78
720575940611446425,SLP344,,central,intrinsic,right,GLUT,0.64
720575940604030566,CB2353,,central,intrinsic,right,ACH,0.89
720575940612339123,CB3670,,central,intrinsic,right,GABA,0.56
720575940615177740,CB1931,,central,intrinsic,right,GLUT,0.71
720575940616376891,LHAD2c3b,LHAD2c3,central,intrinsic,right,ACH,0.85
720575940607071106,CB3325,,central,intrinsic,left,,0.0
720575940630644807,LHAD1f4b,"LHAD1f4, pSP3",central,intrinsic,right,GLUT,0.68
720575940627051813,LHPV5b3,,central,intrinsic,right,ACH,0.9
720575940607774850,SLP007b,SLP007,central,intrinsic,right,GLUT,0.71
720575940616679654,SLP356b,SLP356,central,intrinsic,right,ACH,0.79
720575940630602579,LHPV5b3,,central,intrinsic,right,ACH,0.91
720575940625790352,CL101,,central,intrinsic,right,ACH,0.82
720575940620307803,AVLP187,,central,intrinsic,right,ACH,0.68
720575940633743796,aSP-f4,,central,intrinsic,right,ACH,0.91
720575940630355148,SLP312,,central,intrinsic,right,GLUT,0.81
720575940620311478,LC40,"LC40a, LC40b",visual_projection,intrinsic,right,ACH,0.75
720575940636286053,CB1812,,central,intrinsic,left,GLUT,0.9
720575940605291138,LC24,,visual_projection,intrinsic,right,ACH,0.82
720575940633075885,AN_GNG_SAD_19,,ascending,afferent,right,ACH,0.87
720575940626180638,AN_GNG_SAD_6,,ascending,afferent,left,GABA,0.68
720575940623426192,AN_GNG_167,,ascending,afferent,left,ACH,0.53
720575940609060420,SLP381,,central,intrinsic,right,GLUT,0.78
720575940609431086,LPTe02,PLP207,visual_projection,intrinsic,right,ACH,0.68
720575940629229271,LHAD2c2,,central,intrinsic,right,ACH,0.86
720575940629857420,CB2567,VES037,central,intrinsic,left,GABA,0.63
720575940628038555,CB1175,,central,intrinsic,right,GLUT,0.95
720575940615811634,CB1153,,central,intrinsic,right,GLUT,0.74
720575940611411941,CB2505,,central,intrinsic,right,GLUT,0.87
720575940628739644,SLP289,,central,intrinsic,right,GLUT,0.78
720575940638131534,SLP026,pSP3,central,intrinsic,right,GLUT,0.92
720575940635120735,SLP289,,central,intrinsic,right,GLUT,0.84
720575940629432394,SMP248c,"SMP248, pSP5",central,intrinsic,right,ACH,0.89
720575940610565070,PLP068,,central,intrinsic,right,ACH,0.91
720575940646682756,CB2480,,central,intrinsic,right,,0.0
720575940608605705,LHCENT13_d,,central,intrinsic,right,GABA,0.71
720575940639946203,SLP289,,central,intrinsic,right,GLUT,0.76
720575940615255007,LHAD1b2_a,LHAD1b2_c,central,intrinsic,right,ACH,0.72
720575940624928574,LHCENT13_a,,central,intrinsic,right,GABA,0.63
720575940614702239,CB1861,SLP179_b,central,intrinsic,right,GLUT,0.8
720575940612276963,AVLP559c,AVLP559,central,intrinsic,left,GLUT,0.89
720575940626435330,CB1305,LHAV2k5,central,intrinsic,right,ACH,0.89
720575940639892824,CB2786,,central,intrinsic,right,GLUT,0.79
720575940637526845,AVLP309,,central,intrinsic,left,ACH,0.76
720575940623465098,CB1102,,central,intrinsic,right,ACH,0.94
720575940620439174,AVLP309,,central,intrinsic,right,ACH,0.62
720575940640195773,AVLP050,,central,intrinsic,left,ACH,0.72
720575940617823705,AVLP380b,AVLP380,central,intrinsic,left,ACH,0.89
720575940620523947,CB3221,,central,intrinsic,right,GLUT,0.7
720575940632134625,CB1698,,central,intrinsic,right,GLUT,0.75
720575940628942842,CB1647,AVLP004,central,intrinsic,left,GLUT,0.54
720575940626719013,CB1002,AVLP003,central,intrinsic,left,GABA,0.52
720575940633793561,AVLP229,,central,intrinsic,left,ACH,0.86
720575940625423084,AVLP049,,central,intrinsic,right,ACH,0.73
720575940618203216,CB1399,AVLP004,central,intrinsic,left,,0.0
720575940648711033,CB1399,AVLP004,central,intrinsic,left,,0.0
720575940630579052,CB2279,LHAD3e1_a,central,intrinsic,right,ACH,0.82
720575940629725033,AN_AVLP_GNG_16,,ascending,afferent,left,GABA,0.71
720575940618561445,AVLP309,,central,intrinsic,right,ACH,0.73
720575940608886741,LHAD1b2_a,LHAD1b2_c,central,intrinsic,right,ACH,0.76
720575940642820119,CB1584,VES031,central,intrinsic,left,GABA,0.54
720575940634990873,LC40,"LC40a, LC40b",visual_projection,intrinsic,right,ACH,0.74
720575940616058079,AVLP344,,central,intrinsic,left,ACH,0.76
720575940616268317,AVLP107,,central,intrinsic,left,ACH,0.77
720575940634035863,M_l2PNm17,,central,intrinsic,right,ACH,0.87
720575940624343224,AVLP584,,central,intrinsic,left,GLUT,0.84
720575940626465661,AVLP232,,central,intrinsic,left,ACH,0.91
720575940616065163,CB2869,,central,intrinsic,left,GLUT,0.76
720575940631511363,CB2869,,central,intrinsic,right,GLUT,0.69
720575940617788107,CB2869,,central,intrinsic,right,GLUT,0.7
720575940640433037,CB2869,,central,intrinsic,left,GLUT,0.72
720575940614546942,CB1252,,central,intrinsic,right,GLUT,0.67
720575940633220492,CB1374,,central,intrinsic,left,GLUT,0.78
720575940620220698,CB1252,,central,intrinsic,left,GLUT,0.79
720575940623805223,AVLP069,,central,intrinsic,left,GLUT,0.91
720575940611740694,AVLP026,,central,intrinsic,right,ACH,0.39
720575940616285253,CB1252,,central,intrinsic,right,GLUT,0.69
720575940618303296,AVLP069,,central,intrinsic,right,GLUT,0.84
720575940616074399,CB2342,,central,intrinsic,left,GLUT,0.89
720575940633190355,AVLP069,,central,intrinsic,right,GLUT,0.74
720575940616650589,CL062_a,,central,intrinsic,right,ACH,0.94
720575940624892474,CB1189,,central,intrinsic,right,ACH,0.57
720575940622307148,,,central,intrinsic,left,ACH,0.9
720575940619893999,CB3666,,central,intrinsic,right,GLUT,0.8
720575940641701584,AVLP193,,central,intrinsic,left,ACH,0.95
720575940630695511,CB2342,,central,intrinsic,right,GLUT,0.71
720575940617288605,AVLP048,,central,intrinsic,left,,0.0
720575940619868609,AVLP309,,central,intrinsic,left,ACH,0.81
720575940625283093,AVLP147,,central,intrinsic,left,ACH,0.7
720575940613794354,LHPV5b3,,central,intrinsic,right,ACH,0.89
720575940644301335,SLP223,,central,intrinsic,right,ACH,0.94
720575940621367944,CB1810,,central,intrinsic,left,GLUT,0.82
720575940638770595,CL255,,central,intrinsic,left,ACH,0.91
720575940632237220,CB2671,,central,intrinsic,right,GLUT,0.81
720575940620589296,CB2982,,central,intrinsic,left,GLUT,0.88
720575940622724634,CB1576,,central,intrinsic,left,GLUT,0.87
720575940627462043,CB1576,,central,intrinsic,left,GLUT,0.88
720575940637824575,CB2401,,central,intrinsic,right,GLUT,0.83
720575940631881529,CL196b,CL196,central,intrinsic,right,GLUT,0.67
720575940628343814,AVLP069,,central,intrinsic,left,GLUT,0.83
720575940605098626,SMP424,,central,intrinsic,right,GLUT,0.83
720575940615888897,SMP323,,central,intrinsic,right,ACH,0.92
720575940628068295,AVLP182,,central,intrinsic,right,ACH,0.69
720575940629172071,AVLP521,,central,intrinsic,right,ACH,0.8
720575940635090533,CB1764,,central,intrinsic,right,ACH,0.66
720575940621421844,SMP424,,central,intrinsic,right,GLUT,0.87
720575940612654334,CL208,,central,intrinsic,right,ACH,0.84
720575940623932413,CB1807,SMP279_a,central,intrinsic,right,GLUT,0.87
720575940648668292,AVLP232,,central,intrinsic,left,ACH,0.84
720575940623339305,CB3632,,central,intrinsic,right,,0.0
720575940630427643,AVLP069,,central,intrinsic,right,GLUT,0.72
720575940612785174,LHAD3d4,,central,intrinsic,right,ACH,0.89
720575940625782576,Sm14,,optic,intrinsic,right,GLUT,0.67
720575940640354101,Sm15,,optic,intrinsic,right,GLUT,0.58
720575940642801805,Sm14,,optic,intrinsic,right,GLUT,0.55
720575940622657776,Dm8a,,optic,intrinsic,right,GLUT,0.46
720575940616834843,Sm07,,optic,intrinsic,right,GABA,0.9
720575940628510823,Sm07,,optic,intrinsic,right,GABA,0.9
720575940621209766,Sm16,,optic,intrinsic,right,GABA,0.88
720575940628394322,CB1179,,central,intrinsic,right,GLUT,0.86
720575940627173578,LC43,,visual_projection,intrinsic,right,ACH,0.75
720575940642030477,CB2141,LHPV2a2,central,intrinsic,right,GABA,0.68
720575940615437983,CB1375,LHPV2b4,central,intrinsic,right,GABA,0.56
720575940603455846,M_VPNml66,,central,intrinsic,right,GABA,0.91
720575940622139613,CB1276,,central,intrinsic,right,ACH,0.74
720575940618397598,CB2689,,central,intrinsic,right,ACH,0.87
720575940615422786,CB3393,,central,intrinsic,right,GABA,0.72
720575940627585918,CB3287,AVLP_pr22,central,intrinsic,right,ACH,0.82
720575940620808948,CB3287,AVLP_pr22,central,intrinsic,right,ACH,0.71
720575940612683729,CB1972,,central,intrinsic,right,GLUT,0.88
720575940606659970,CB2998,LHPV2c5,central,intrinsic,right,,0.0
720575940646368132,CB1573,,central,intrinsic,right,ACH,0.81
720575940625767196,CB1573,,central,intrinsic,right,ACH,0.84
720575940622547421,M_lvPNm45,,central,intrinsic,right,ACH,0.93
720575940613847719,CB1902,,central,intrinsic,left,ACH,0.9
720575940635574106,AVLP227,,central,intrinsic,right,ACH,0.86
720575940633001016,CB1172,,central,intrinsic,right,GLUT,0.79
720575940631641708,CB3778,LHPD2c2,central,intrinsic,right,ACH,0.83
720575940631155852,CB2531,SLP087,central,intrinsic,right,GLUT,0.74
720575940638156853,SLP444,,central,intrinsic,right,SER,1.0
720575940618976853,CB1318,"SLP088, SLP095",central,intrinsic,right,GLUT,0.64
720575940632777441,SMP172,,central,intrinsic,right,ACH,0.84
720575940612284389,CB3344,CL134,central,intrinsic,right,GLUT,0.63
720575940614082962,SLP152,,central,intrinsic,right,ACH,0.85
720575940621395233,CL209,,central,intrinsic,right,ACH,0.89
720575940631521654,CB3034,SLP086,central,intrinsic,right,GLUT,0.77
720575940619989086,CB2485,CL147,central,intrinsic,right,GLUT,0.71
720575940642398965,SLP152,,central,intrinsic,right,ACH,0.91
720575940625301629,SMP540,,central,intrinsic,right,GLUT,0.94
720575940620775551,SMP191,,central,intrinsic,right,ACH,0.89
720575940631301447,SMP035,,central,intrinsic,right,GLUT,0.82
720575940612033967,CB2736,,central,intrinsic,right,GLUT,0.79
720575940625894552,LHAD1a4c,LHAD1a4,central,intrinsic,right,ACH,0.91
720575940615775771,CB3447,"M_vPNml61, M_vPNml62",central,intrinsic,right,GABA,0.87
720575940616792577,CB1151,,central,intrinsic,right,GLUT,0.74
720575940630222807,CB2713,,central,intrinsic,right,ACH,0.85
720575940606960393,CB3056,,central,intrinsic,right,GLUT,0.69
720575940620769133,CB3231,"LHPD2a4_a, SIP049",central,intrinsic,right,ACH,0.89
720575940628136689,SIP066,,central,intrinsic,right,GLUT,0.92
720575940611724714,SIP014,SIP016,central,intrinsic,right,GLUT,0.67
720575940626978314,SMP105_b,aSP2,central,intrinsic,right,GLUT,0.95
720575940612694568,FB2F_d,,central,intrinsic,left,GLUT,0.61
720575940623117406,MTe04,,visual_projection,intrinsic,right,ACH,0.92
720575940619420838,LHAD1d2,,central,intrinsic,right,ACH,0.89
720575940626694163,CRE103b,CRE103,central,intrinsic,left,ACH,0.79
720575940608604484,LAL038,,central,intrinsic,right,ACH,0.85
720575940646288419,PAM05,,central,intrinsic,right,DA,0.83
720575940615885766,LHAD1c2c,LHAD1c2,central,intrinsic,right,ACH,0.86
720575940619875060,CB2736,,central,intrinsic,right,GLUT,0.71
720575940609904196,LHPV6f1,,central,intrinsic,left,ACH,0.81
720575940628955006,CRE103a,CRE103,central,intrinsic,left,ACH,0.89
720575940617442233,SIP048,,central,intrinsic,left,ACH,0.89
720575940608884693,LHAV2f2_b,,central,intrinsic,right,GABA,0.79
720575940628948299,CB1965,,central,intrinsic,right,ACH,0.75
720575940623079095,mAL_f2,"mAL2A, mAL2B, mAL_fru",central,intrinsic,left,GABA,0.85
720575940628394455,LC44,,visual_projection,intrinsic,right,ACH,0.9
720575940633849199,CB2870,,central,intrinsic,right,ACH,0.93
720575940621018560,IB093,,central,intrinsic,left,GLUT,0.59
720575940629933559,CB1152,,central,intrinsic,right,GLUT,0.68
720575940604790444,CB2745,,central,intrinsic,right,ACH,0.8
720575940619947373,PLP182,,central,intrinsic,right,GLUT,0.71
720575940626464199,CB2404,,central,intrinsic,right,ACH,0.78
720575940611091524,CL104,,central,intrinsic,right,ACH,0.92
720575940613668778,LT57,,visual_projection,intrinsic,right,ACH,0.89
720575940612654573,AVLP055,,central,intrinsic,right,GLUT,0.71
720575940624345918,CB3104,,central,intrinsic,right,ACH,0.59
720575940619009670,CB3104,,central,intrinsic,right,ACH,0.61
720575940620069729,AVLP286,,central,intrinsic,right,ACH,0.83
720575940628784066,CB3659,,central,intrinsic,left,,0.0
720575940630330410,PLP159,,central,intrinsic,right,GABA,0.78
720575940624105742,AVLP308,,central,intrinsic,right,ACH,0.6
720575940631276369,CB3079,SLP086,central,intrinsic,right,GLUT,0.74
720575940632588748,CB3236,,central,intrinsic,right,GLUT,0.9
720575940632787863,LC43,,visual_projection,intrinsic,right,ACH,0.68
720575940627109202,CB1079,,central,intrinsic,right,GABA,0.9
720575940630616082,CB1559,SLP138,central,intrinsic,right,GLUT,0.86
720575940639046051,SMP416,SMP417,central,intrinsic,right,ACH,0.8
720575940627983354,LC45,"LC45a, LC45b",visual_projection,intrinsic,right,ACH,0.84
720575940628678991,WED125,,central,intrinsic,right,ACH,0.74
720575940620851777,LC41,,visual_projection,intrinsic,right,ACH,0.87
720575940626805777,AVLP187,,central,intrinsic,right,ACH,0.75
720575940604211628,,,ascending,afferent,left,,0.0
720575940622321110,DNbe002,,descending,efferent,right,ACH,0.74
720575940629163772,s-CPDN3E,"CB2901, SLP266",central,intrinsic,right,GLUT,0.87
720575940630084352,SLP400a,SLP400,central,intrinsic,right,ACH,0.86
720575940629699781,FB2F_b,,central,intrinsic,left,GLUT,0.91
720575940627684713,CL165,,central,intrinsic,right,ACH,0.82
720575940622965765,CB2932,,central,intrinsic,right,GLUT,0.8
720575940621935543,CB1587,LAL071,central,intrinsic,right,GABA,0.73
720575940634327403,CB4242,"SMP259, SMP260, SMP263",central,intrinsic,right,ACH,0.76
720575940626095374,SLP137,,central,intrinsic,right,GLUT,0.65
720575940621807599,cLM01,CL358,visual_centrifugal,intrinsic,right,DA,0.49
720575940615971841,CB3571,,central,intrinsic,right,GLUT,0.74
720575940639838005,SLP137,,central,intrinsic,right,GLUT,0.77
720575940633906588,CL272_b,,central,intrinsic,right,ACH,0.7
720575940618574400,CB1258,LHPV2b3,central,intrinsic,right,GLUT,0.61
720575940615802598,CB2770,,central,intrinsic,right,GABA,0.55
720575940628452823,SLP041,,central,intrinsic,right,ACH,0.93
720575940628792323,CB2906,,central,intrinsic,right,GLUT,0.71
720575940611199698,LC24,,visual_projection,intrinsic,right,ACH,0.81
720575940606774118,CB2529,SLP252,central,intrinsic,right,GLUT,0.68
720575940639209013,CB2744,LHAV5a4_c,central,intrinsic,right,ACH,0.86
720575940609677636,CB1278,,central,intrinsic,right,GABA,0.66
720575940627257361,LHAD1b2_a,LHAD1b2_c,central,intrinsic,right,ACH,0.75
720575940616812859,LHAV2g2_a,,central,intrinsic,right,ACH,0.77
720575940624882190,SMP362,,central,intrinsic,right,ACH,0.9
720575940627148872,CB2602,,central,intrinsic,right,ACH,0.97
720575940626671114,SLP122,,central,intrinsic,right,ACH,0.8
720575940628825594,LHPV4a9,,central,intrinsic,right,GLUT,0.81
720575940627996156,CB3584,,central,intrinsic,right,ACH,0.96
720575940631912040,SMP283,pSP5,central,intrinsic,right,ACH,0.87
720575940622352055,CB1363,LHPV2b3,central,intrinsic,right,,0.0
720575940631272719,CB1513,,central,intrinsic,right,ACH,0.89
720575940641953933,SMP357,,central,intrinsic,right,ACH,0.86
720575940617836854,CB0084,,central,intrinsic,right,GLUT,0.67
720575940628945145,SLP188,,central,intrinsic,right,GLUT,0.43
720575940612665494,CB1789,,central,intrinsic,left,GLUT,0.66
720575940626653214,CB3293,,central,intrinsic,right,ACH,0.96
720575940625298276,CB0661,"hb703317507, hb732319555",central,intrinsic,left,ACH,0.94
720575940621226661,LHAV1d2,,central,intrinsic,right,ACH,0.9
720575940614709410,CB2733,,central,intrinsic,right,GLUT,0.7
720575940610183025,CB3253,,central,intrinsic,right,ACH,0.95
720575940615820262,LHPV11a1,,central,intrinsic,left,ACH,0.89
720575940635134053,CB2769,,central,intrinsic,right,ACH,0.87
720575940635688169,LHPV5g1_b,,central,intrinsic,right,ACH,0.9
720575940625610270,LC41,,visual_projection,intrinsic,left,ACH,0.89
720575940619355989,CB4233,,central,intrinsic,left,ACH,0.77
720575940637985112,SLP082,,central,intrinsic,right,GLUT,0.83
720575940604434092,CB0340,,central,intrinsic,left,ACH,0.78
720575940639735613,CB1864,LHAD3d5,central,intrinsic,right,ACH,0.92
720575940628059155,MTe15,"hb479969687, hb787882939",visual_projection,intrinsic,right,ACH,0.95
720575940629431100,SLP405,,central,intrinsic,left,ACH,0.74
720575940639202467,CB1321,VP1m+VP2_lvPN2,central,intrinsic,right,ACH,0.93
720575940631998405,SLP103,,central,intrinsic,right,GLUT,0.81
720575940627680006,CB1440,SLP199,central,intrinsic,right,GLUT,0.82
720575940604589856,CB1395,"AVLP480, PVLP110",central,intrinsic,right,GABA,0.71
720575940625728089,CB3292,,central,intrinsic,left,ACH,0.8
720575940652734625,CB1171,,central,intrinsic,right,GLUT,0.81
720575940624080176,PLP042c,PLP042,central,intrinsic,right,GLUT,0.68
720575940623681511,CB1361,,central,intrinsic,right,GLUT,0.81
720575940638080233,SLP327,,central,intrinsic,right,ACH,0.49
720575940633062335,LAL030b,LAL030_a,central,intrinsic,right,ACH,0.85
720575940603938238,CB2245,,central,intrinsic,right,GABA,0.87
720575940627072168,CB2030,"CRE085, CRE086",central,intrinsic,right,ACH,0.88
720575940630438731,CB3072,SMP382,central,intrinsic,right,ACH,0.85
720575940625118096,CRE017,,central,intrinsic,right,ACH,0.89
720575940632225071,CB2628,aSP2,central,intrinsic,right,GLUT,0.8
720575940611538126,CB1385,"AVLP007, aSP8_vpoIN",central,intrinsic,right,GABA,0.81
720575940643794592,PLP041,PLP043,central,intrinsic,right,GLUT,0.53
720575940646547764,SIP076,,central,intrinsic,right,ACH,0.77
720575940658554753,CB2509,CRE093,central,intrinsic,right,ACH,0.91
720575940611771365,SMP193b,SMP193,central,intrinsic,left,ACH,0.72
720575940605068576,SLP405,,central,intrinsic,right,ACH,0.88
720575940618024475,SIP015,,central,intrinsic,right,GLUT,0.85
720575940627517954,SIP015,,central,intrinsic,right,GLUT,0.82
720575940621012289,SMP012,,central,intrinsic,left,GLUT,0.84
720575940619141405,FC1A,"FC1B, FC1F",central,intrinsic,left,ACH,0.76
720575940623180457,LHAV6c1b,LHAV6c1,central,intrinsic,right,GLUT,0.8
720575940629615417,FB5P,FB5T,central,intrinsic,left,GLUT,0.55
720575940633398123,CB2077,,central,intrinsic,left,ACH,0.9
720575940628543847,CB1050,,central,intrinsic,right,ACH,0.83
720575940629806807,CB1821,,central,intrinsic,right,GABA,0.75
720575940614296844,CB1871,,central,intrinsic,left,GLUT,0.8
720575940612316847,vDeltaD,,central,intrinsic,left,ACH,0.64
720575940631983277,hDeltaC,,central,intrinsic,left,ACH,0.64
720575940623781268,hDeltaC,,central,intrinsic,right,ACH,0.61
720575940635622039,FB4A,,central,intrinsic,right,GLUT,0.46
720575940615066310,SMP011a,SMP011,central,intrinsic,right,GLUT,0.84
720575940630539335,FB2C,,central,intrinsic,left,GLUT,0.71
720575940614469318,SIP003_a,,central,intrinsic,right,ACH,0.88
720575940619531654,CB3065,,central,intrinsic,right,GABA,0.82
720575940645176264,DNp24,,descending,efferent,right,,0.0
720575940630318951,PAM06,,central,intrinsic,right,DA,0.87
720575940623264809,CRE020,,central,intrinsic,right,ACH,0.87
720575940611160755,CB2147,CRE003_b,central,intrinsic,right,ACH,0.79
720575940630682927,KCapbp-ap1,KCab-ap1,central,intrinsic,left,ACH,1.0
720575940624055614,CB2841,,central,intrinsic,right,ACH,0.87
720575940606201278,KCapbp-ap2,KCab-ap2,central,intrinsic,left,ACH,1.0
720575940619756148,KCapbp-ap2,KCab-ap2,central,intrinsic,left,ACH,1.0
720575940622838797,KCapbp-ap2,KCab-ap2,central,intrinsic,left,ACH,1.0
720575940629529722,MBON10,,central,intrinsic,left,GLUT,0.57
720575940614614203,KCapbp-ap2,KCab-ap2,central,intrinsic,right,ACH,1.0
720575940614403946,CB3362,,central,intrinsic,right,GLUT,0.83
720575940630196311,CB3276,,central,intrinsic,right,ACH,0.76
720575940603974880,SMP332b,SMP332,central,intrinsic,right,ACH,0.8
720575940631170152,PVLP008,,central,intrinsic,right,GLUT,0.72
720575940633519514,FC2C,,central,intrinsic,left,ACH,0.47
720575940624431460,CB3017,,central,intrinsic,right,ACH,0.67
720575940625478296,SMP162a,SMP162,central,intrinsic,left,GLUT,0.94
720575940614674641,Tm35,,optic,intrinsic,right,GLUT,0.87
720575940613685162,CB1910,,central,intrinsic,left,ACH,0.82
720575940624763678,WED025,,central,intrinsic,right,GABA,0.81
720575940605107121,CB1881,WED143,central,intrinsic,right,ACH,0.87
720575940647488308,Tm16,,optic,intrinsic,right,ACH,0.9
720575940626540743,cL01,,visual_centrifugal,intrinsic,right,ACH,0.8
720575940611509989,CB2237,,central,intrinsic,right,GLUT,0.9
720575940607417180,CB1458,,central,intrinsic,left,GLUT,0.63
720575940628173623,PLP108,,central,intrinsic,right,ACH,0.92
720575940623464150,CB3866,,central,intrinsic,left,ACH,0.63
720575940619688112,LT81,,visual_projection,intrinsic,right,ACH,0.79
720575940613885554,CB3074,,central,intrinsic,left,ACH,0.98
720575940624457912,LC36,,visual_projection,intrinsic,left,ACH,0.9
720575940624663788,CB2026,,central,intrinsic,right,GLUT,0.79
720575940618370171,CB2580,,central,intrinsic,right,ACH,0.93
720575940622398836,DN1pA,,central,intrinsic,left,,0.0
720575940627099082,SMP106,aSP2,central,intrinsic,right,GLUT,0.84
720575940631092947,SA_VTV_5,,sensory_ascending,afferent,right,ACH,0.78
720575940645678883,SMP522,,central,intrinsic,left,ACH,0.92
720575940608461251,CB1800,LHAV2h1,central,intrinsic,right,ACH,0.91
720575940614107282,TmY31,,optic,intrinsic,right,ACH,0.86
720575940638904381,CB0294,,central,intrinsic,left,GLUT,0.95
720575940645670020,WEDPN3,,central,intrinsic,left,GABA,0.85
720575940609935918,CL128b,CL128,central,intrinsic,left,GABA,0.7
720575940639106613,SLP129_c,,central,intrinsic,right,ACH,0.92
720575940624183591,CB3546,,central,intrinsic,right,ACH,0.74
720575940621313416,LC36,,visual_projection,intrinsic,left,ACH,0.84
720575940633307327,CL128a,CL128,central,intrinsic,left,GABA,0.75
720575940644742048,KCapbp-ap2,KCab-ap2,central,intrinsic,left,ACH,1.0
720575940622444037,SLP396,,central,intrinsic,right,ACH,0.91
720575940621622310,CB1575,"AVLP367, AVLP368",central,intrinsic,right,ACH,0.67
720575940624918279,CB3366,AVLP385,central,intrinsic,right,SER,0.42
720575940621774874,CB3564,SMP449,central,intrinsic,left,GLUT,0.7
720575940629539159,CB2708,IB054,central,intrinsic,right,ACH,0.63
720575940631388231,KCapbp-ap2,KCab-ap2,central,intrinsic,right,ACH,1.0
720575940642691744,LC36,,visual_projection,intrinsic,right,ACH,0.92
720575940621196037,DNpe044,SMP479,descending,efferent,right,,0.0
720575940625304905,MLt2,,optic,intrinsic,right,ACH,0.9
720575940622241461,Li10,,optic,intrinsic,right,GLUT,0.64
720575940608192009,CB1738,AVLP279,central,intrinsic,left,ACH,0.58
720575940608694062,CB3595,,central,intrinsic,right,GABA,0.73
720575940602914988,CB2364,AVLP_pr01,central,intrinsic,right,GABA,0.77
720575940619783518,CB2364,AVLP_pr01,central,intrinsic,right,GABA,0.77
720575940613530636,CB2006,AVLP_pr22,central,intrinsic,right,ACH,0.69
720575940617013393,AVLP486,,central,intrinsic,right,GABA,0.56
720575940620801304,CB2510,,central,intrinsic,right,ACH,0.86
720575940637287743,CB1447,,central,intrinsic,right,GABA,0.63
720575940620191453,AVLP486,AVLP_pr05,central,intrinsic,right,GABA,0.52
720575940627659797,AVLP492,,central,intrinsic,right,ACH,0.51
720575940637779875,CB1109,,central,intrinsic,right,ACH,0.81
720575940638865725,CB1964,,central,intrinsic,right,ACH,0.78
720575940626994453,CRE079,,central,intrinsic,right,GLUT,0.67
720575940614315827,AVLP454_a,,central,intrinsic,right,ACH,0.78
720575940651419126,CB1552,,central,intrinsic,right,ACH,0.95
720575940629657192,AVLP096,,central,intrinsic,right,GABA,0.85
720575940625140755,AN_AVLP_51,,ascending,afferent,right,ACH,0.62
720575940627578615,AVLP096,,central,intrinsic,left,GABA,0.8
720575940632785951,CB3264,,central,intrinsic,right,ACH,0.76
720575940627151356,CB1395,"AVLP480, PVLP110",central,intrinsic,right,GABA,0.63
720575940620707750,CB0948,,central,intrinsic,right,ACH,0.88
720575940624942264,CB2482,,central,intrinsic,right,GLUT,0.86
720575940623764116,CB2377,,central,intrinsic,right,ACH,0.82
720575940607570185,CB3437,B1,central,intrinsic,left,ACH,0.92
720575940622676553,CB1439,,central,intrinsic,right,GABA,0.8
720575940629339690,CB1781,SMP243,central,intrinsic,right,ACH,0.94
720575940618076763,CB3453,,central,intrinsic,right,GABA,0.77
720575940632549858,CB3454,SLP164,central,intrinsic,right,ACH,0.7
720575940627464979,AVLP136,,central,intrinsic,right,ACH,0.7
720575940603918769,CB1029,"WED027, WED166_c",central,intrinsic,left,ACH,0.89
720575940631521644,Tm35,,optic,intrinsic,right,GLUT,0.88
720575940624219011,AVLP096,,central,intrinsic,right,GABA,0.81
720575940632326298,AVLP232,,central,intrinsic,right,ACH,0.92
720575940621953285,CB0161,,central,intrinsic,left,GLUT,0.61
720575940629272791,LTe64,PLP105,visual_projection,intrinsic,right,ACH,0.8
720575940639172149,Tm35,,optic,intrinsic,right,GLUT,0.89
720575940618159227,SLP222,,central,intrinsic,right,ACH,0.66
720575940621253056,,,visual_projection,intrinsic,right,GLUT,0.59
720575940608232772,SLP298,,central,intrinsic,right,GLUT,0.89
720575940643754862,CB2248,aSP10b,central,intrinsic,right,ACH,0.74
720575940621611716,CL239,,central,intrinsic,right,GLUT,0.88
720575940635764671,PS159,,central,intrinsic,left,ACH,0.85
720575940624494058,VES019,,central,intrinsic,left,GABA,0.62
720575940638013274,DNpe006,CL330,descending,efferent,right,ACH,0.93
720575940620099566,CB2816,,central,intrinsic,left,ACH,0.67
720575940616836485,AN_GNG_44,,ascending,afferent,right,ACH,0.94
720575940627803720,AN_GNG_SAD_33,,ascending,afferent,right,GABA,0.64
720575940616838789,AN_GNG_180,,ascending,afferent,right,GLUT,0.64
720575940612113635,PS260,,central,intrinsic,right,ACH,0.65
720575940618403719,PFNa,,central,intrinsic,right,ACH,0.86
720575940608287106,CL178,,central,intrinsic,left,GLUT,0.67
720575940619597989,SLP403,,central,intrinsic,left,SER,0.76
720575940622438634,hDeltaJ,,central,intrinsic,left,ACH,0.45
720575940623310780,hDeltaJ,,central,intrinsic,left,ACH,0.53
720575940632749794,CB2344,,central,intrinsic,right,ACH,0.63
720575940617494232,hDeltaC,,central,intrinsic,left,ACH,0.61
720575940609102531,CL104,,central,intrinsic,right,ACH,0.9
720575940621413670,KCapbp-ap2,KCab-ap2,central,intrinsic,right,ACH,1.0
720575940630258572,CB2470,LHPV6a1,central,intrinsic,right,ACH,0.92
720575940636348152,CRE008,CRE010,central,intrinsic,left,GLUT,0.56
720575940612261603,CB3463,,central,intrinsic,left,GABA,0.75
720575940637243199,CB1744,,central,intrinsic,right,ACH,0.94
720575940622784039,CB3292,,central,intrinsic,right,ACH,0.84
720575940606920643,CB2618,,central,intrinsic,left,ACH,0.85
720575940638206773,AN_GNG_103,,ascending,afferent,left,GLUT,0.39
720575940621580715,SMP208,,central,intrinsic,right,GLUT,0.73
720575940604389344,CB1990,SLP044_a,central,intrinsic,right,ACH,0.9
720575940626093705,LAL020,,central,intrinsic,left,ACH,0.82
720575940619743152,CB3136,SMP414,central,intrinsic,right,ACH,0.87
720575940626600067,LHPV6l1,,central,intrinsic,right,GLUT,0.68
720575940633218351,CB3698,SLP315,central,intrinsic,right,GLUT,0.81
720575940612361106,CB1188,,central,intrinsic,right,ACH,0.89
720575940624161936,CB1720,,central,intrinsic,right,ACH,0.75
720575940620072157,SIP089,,central,intrinsic,right,GABA,0.59
720575940617381681,CB4219,"M_lPNm12, M_lPNm13",central,intrinsic,right,ACH,0.95
720575940618214827,CB2495,,central,intrinsic,right,GABA,0.57
720575940636938980,SMP362,,central,intrinsic,right,ACH,0.89
720575940623969717,CB2725,,central,intrinsic,right,GLUT,0.86
720575940615390119,AVLP302,,central,intrinsic,left,ACH,0.83
720575940610215637,CB3190,LHPV4b4,central,intrinsic,right,GLUT,0.76
720575940644907543,CB2678,,central,intrinsic,right,GABA,0.66
720575940629499756,SLP188,,central,intrinsic,right,GABA,0.5
720575940608989909,CB2135,LHPV4i1,central,intrinsic,right,GLUT,0.77
720575940638021092,CB3361,,central,intrinsic,right,GLUT,0.74
720575940627444490,CB0011,,central,intrinsic,left,GABA,0.55
720575940649812857,AN_multi_18,,ascending,afferent,left,ACH,0.97
720575940608177929,CB3283,,central,intrinsic,left,ACH,0.86
720575940621025872,CB2279,LHAD3e1_a,central,intrinsic,right,ACH,0.87
720575940631850521,mAL4,,central,intrinsic,right,GLUT,0.54
720575940643980488,SLP288b,SLP288,central,intrinsic,left,GLUT,0.85
720575940627177402,SLP241,,central,intrinsic,left,ACH,0.65
720575940629147132,SLP288a,SLP288,central,intrinsic,left,GLUT,0.79
720575940659190145,CB2279,LHAD3e1_a,central,intrinsic,left,ACH,0.84
720575940614698658,CB3477,,central,intrinsic,left,GLUT,0.85
720575940637756760,mAL4,mAL_fru,central,intrinsic,right,GLUT,0.98
720575940622922008,LHAV7a5,,central,intrinsic,right,GLUT,0.8
720575940626180452,LHPV2a1_a,LHPV2a1,central,intrinsic,right,GABA,0.72
720575940614485159,LHPV7a1b,LHPV7a1,central,intrinsic,left,ACH,0.94
720575940624956348,LHPV5c1,,central,intrinsic,left,ACH,0.9
720575940633253346,LHPV5c1,,central,intrinsic,left,ACH,0.92
720575940630661164,CB0354,,central,intrinsic,left,ACH,0.86
720575940615379686,CB1987,,central,intrinsic,right,GLUT,0.75
720575940624795962,SMP307,,central,intrinsic,right,,0.0
720575940613170385,CB3242,,central,intrinsic,left,GABA,0.75
720575940621056982,CB3691,,central,intrinsic,left,GLUT,0.68
720575940633541857,PAM13,,central,intrinsic,right,DA,0.84
720575940626676869,CB3873,,central,intrinsic,right,ACH,0.81
720575940643966743,WED038b,WED038,central,intrinsic,right,GLUT,0.44
720575940611722961,CB1357,"SMP195, SMP197",central,intrinsic,right,ACH,0.96
720575940627327750,CB2814,,central,intrinsic,right,GLUT,0.93
720575940627017259,CB1148,,central,intrinsic,right,GLUT,0.78
720575940635807595,SLP240_a,,central,intrinsic,right,ACH,0.83
720575940607012482,CB0939,,central,intrinsic,right,ACH,0.89
720575940609906244,SLP404,,central,intrinsic,left,ACH,0.89
720575940621123617,SMP019,,central,intrinsic,right,ACH,0.79
720575940614553234,CB1957,SMP450,central,intrinsic,right,GLUT,0.81
720575940624745203,CB2122,,central,intrinsic,right,ACH,0.9
720575940623088309,SMP568,,central,intrinsic,left,ACH,0.83
720575940624681520,LAL030c,LAL030_a,central,intrinsic,right,ACH,0.85
720575940627357713,SIP024,,central,intrinsic,right,ACH,0.84
720575940632362258,CB2066,,central,intrinsic,right,GABA,0.71
720575940626852656,CL102,,central,intrinsic,right,ACH,0.72
720575940628761160,SMP389a,SMP389,central,intrinsic,left,ACH,0.92
720575940626939413,CB1895,,central,intrinsic,right,ACH,0.9
720575940617136129,CB3771,,central,intrinsic,right,ACH,0.9
720575940615474978,SMP408_d,,central,intrinsic,right,ACH,0.89
720575940637832937,LHAV2b7_b,aSP9,central,intrinsic,right,ACH,0.89
720575940608799096,CB1172,,central,intrinsic,left,GLUT,0.9
720575940637722182,CB1895,,central,intrinsic,left,ACH,0.92
720575940620633309,CB0975,pMP3-pCd1,central,intrinsic,right,ACH,0.64
720575940623181823,SMP568,,central,intrinsic,left,ACH,0.8
720575940637550525,CB2754,"SMP349, SMP351",central,intrinsic,right,ACH,0.96
720575940627850499,CB3753,,central,intrinsic,right,GLUT,0.69
720575940608368562,AVLP454_b,,central,intrinsic,right,ACH,0.79
720575940622236365,CB2025,CRE092,central,intrinsic,right,ACH,0.87
720575940623891637,CB1079,,central,intrinsic,right,GABA,0.88
720575940624364848,CB2479,,central,intrinsic,right,ACH,0.82
720575940638743923,CB3052,,central,intrinsic,right,GLUT,0.61
720575940627894471,CB1957,SMP450,central,intrinsic,right,GLUT,0.73
720575940634880248,AVLP421,,central,intrinsic,right,GABA,0.62
720575940622125153,FB5R,FB5U,central,intrinsic,left,GLUT,0.55
720575940626469898,FB5R,FB5U,central,intrinsic,right,GLUT,0.65
720575940619880326,CB1346,,central,intrinsic,right,ACH,0.81
720575940628940994,FB5G,,central,intrinsic,right,GLUT,0.77
720575940639659427,CB2981,,central,intrinsic,right,ACH,0.8
720575940632790753,CB1002,AVLP003,central,intrinsic,right,GABA,0.64
720575940618858837,PFNa,,central,intrinsic,left,ACH,0.82
720575940629811574,CB3777,SLP330,central,intrinsic,right,ACH,0.71
720575940611716581,CB1357,"SMP195, SMP197",central,intrinsic,left,ACH,0.92
720575940625031403,LAL155,,central,intrinsic,right,ACH,0.58
720575940632435108,LHPV5c1,,central,intrinsic,left,ACH,0.91
720575940622229005,SIP069,,central,intrinsic,left,ACH,0.77
720575940615251339,CB1628,,central,intrinsic,right,ACH,0.9
720575940624430060,CB1079,,central,intrinsic,right,GABA,0.87
720575940612450277,CB1687,,central,intrinsic,right,GLUT,0.74
720575940621595418,CB2928,,central,intrinsic,right,ACH,0.72
720575940612107762,FB5N,,central,intrinsic,right,GLUT,0.54
720575940625743204,CB2267_a,WEDPN17_a,central,intrinsic,right,ACH,0.94
720575940621791100,CRE108,,central,intrinsic,left,ACH,0.61
720575940642040973,IB094,,central,intrinsic,left,GLUT,0.74
720575940621446057,AVLP421,,central,intrinsic,right,GABA,0.61
720575940621347583,hDeltaC,,central,intrinsic,right,ACH,0.59
720575940619767120,SMP138,,central,intrinsic,right,GLUT,0.85
720575940625216954,SMP240,,central,intrinsic,right,ACH,0.77
720575940645599268,CB2018,CRE052,central,intrinsic,left,GLUT,0.57
720575940625854748,WED097,,central,intrinsic,right,,0.0
720575940620744030,LAL163,LAL164,central,intrinsic,right,ACH,0.85
720575940614136371,CB0184,,central,intrinsic,left,ACH,0.7
720575940607862217,FB6O,,central,intrinsic,left,,0.0
720575940631426700,FC3,,central,intrinsic,right,ACH,0.81
720575940626355081,FB4F_a,"FB4F_b, FB4F_c, FB4F",central,intrinsic,left,,0.0
720575940611453041,FC1A,"FC1B, FC1F",central,intrinsic,right,,0.0
720575940643702551,PFNv,,central,intrinsic,right,ACH,0.72
720575940613005937,FC2C,,central,intrinsic,left,ACH,0.53
720575940614286754,CRE066,,central,intrinsic,left,ACH,0.7
720575940623961549,SMP153b,SMP153,central,intrinsic,left,ACH,0.81
720575940609558136,FB2M,,central,intrinsic,left,SER,0.56
720575940639368782,CB2550,"SIP001, SIP002",central,intrinsic,right,ACH,0.87
720575940621763475,KCapbp-ap2,KCab-ap2,central,intrinsic,left,ACH,1.0
720575940630530575,CB3215,,central,intrinsic,left,ACH,0.59
720575940635092319,SMP416,SMP417,central,intrinsic,left,ACH,0.66
720575940627954375,PAM06,,central,intrinsic,left,DA,0.71
720575940634736538,SMP558,aIPgc,central,intrinsic,left,ACH,0.81
720575940604624574,M_lvPNm48,,central,intrinsic,right,ACH,0.78
720575940615605947,Tm8b,,optic,intrinsic,right,ACH,0.89
720575940628471392,KCapbp-ap2,KCab-ap2,central,intrinsic,right,ACH,1.0
720575940628334300,WEDPN8D,,central,intrinsic,right,ACH,0.97
720575940648839545,CB3747,,central,intrinsic,left,GABA,0.66
720575940631458529,CB1268,,central,intrinsic,left,ACH,0.9
720575940613843506,CB1268,,central,intrinsic,right,ACH,0.96
720575940636001166,CB1046,WED143,central,intrinsic,left,ACH,0.85
720575940614125874,CB3755,,central,intrinsic,right,GLUT,0.8
720575940629055340,CB3181,,central,intrinsic,right,GLUT,0.65
720575940609715524,CB1587,LAL071,central,intrinsic,right,GABA,0.83
720575940636521562,IB066,,central,intrinsic,left,ACH,0.56
720575940611448243,CB2613,,central,intrinsic,left,ACH,0.76
720575940618593510,Mi4,,optic,intrinsic,right,GABA,0.89
720575940606879153,MLt4,,optic,intrinsic,right,ACH,0.81
720575940605328928,Mi4,,optic,intrinsic,right,GABA,0.88
720575940623738573,MLt1,,optic,intrinsic,right,ACH,0.83
720575940623702296,Tm5f,,optic,intrinsic,right,ACH,0.77
720575940618779294,CB2550,"SIP001, SIP002",central,intrinsic,left,ACH,0.84
720575940616844500,TmY5a,,optic,intrinsic,right,GLUT,0.66
720575940641425293,Li01,,optic,intrinsic,right,GLUT,0.8
720575940630198902,Tm5c,,optic,intrinsic,right,GLUT,0.74
720575940631443308,TmY5a,,optic,intrinsic,right,GLUT,0.66
720575940626614202,Tm9,,optic,intrinsic,right,ACH,0.8
720575940633034265,CB1529,"SMP363, SMP364",central,intrinsic,left,ACH,0.79
720575940612925078,vDeltaF,,central,intrinsic,left,ACH,0.7
720575940619560606,IB032,,central,intrinsic,left,GLUT,0.66
720575940619363544,Mi9,,optic,intrinsic,right,GLUT,0.57
720575940647087412,TmY5a,,optic,intrinsic,right,GLUT,0.6
720575940629784376,CB2118,SMP382,central,intrinsic,right,ACH,0.84
720575940622671437,WED031,,central,intrinsic,right,GABA,0.7
720575940607390421,LC13,,visual_projection,intrinsic,right,ACH,0.45
720575940618293406,JO-E,,sensory,afferent,right,,0.0
720575940612066600,CB1269,CL297,central,intrinsic,right,ACH,0.68
720575940632103251,LC10d,LC10,visual_projection,intrinsic,right,ACH,0.77
720575940619446181,CB1893,"PS283, PS286",central,intrinsic,right,GLUT,0.65
720575940626443526,CB1556,,central,intrinsic,left,GLUT,0.9
720575940638332494,JO-E,,sensory,afferent,right,ACH,0.78
720575940647079715,CB2118,SMP382,central,intrinsic,right,ACH,0.78
720575940611821078,CB2088,"SIP001, SIP002",central,intrinsic,left,ACH,0.88
720575940626951178,Mi9,,optic,intrinsic,right,GLUT,0.67
720575940627753103,CB3798,,central,intrinsic,left,GABA,0.58
720575940604824236,KCapbp-m,KCab-m,central,intrinsic,left,ACH,1.0
720575940623253223,CB1556,,central,intrinsic,left,GLUT,0.89
720575940627437841,CB2611,aSP31,central,intrinsic,left,GLUT,0.71
720575940616075147,s-CPDN3E,"CB2901, SLP266",central,intrinsic,right,GLUT,0.74
720575940624194509,Tm8a,,optic,intrinsic,right,ACH,0.84
720575940633929628,Mi4,,optic,intrinsic,right,GABA,0.86
720575940640115675,KCapbp-ap2,KCab-ap2,central,intrinsic,left,ACH,1.0
720575940617949861,hDeltaJ,,central,intrinsic,right,ACH,0.51
720575940618751552,Li01,,optic,intrinsic,left,GLUT,0.82
720575940612743958,KCapbp-ap1,KCab-ap1,central,intrinsic,left,ACH,1.0
720575940628013705,TmY10,,optic,intrinsic,left,ACH,0.88
720575940628166120,Li01,,optic,intrinsic,left,GLUT,0.73
720575940629938127,CL261b,CL261,central,intrinsic,left,ACH,0.81
720575940618180766,CB1263,,central,intrinsic,right,ACH,0.85
720575940635863407,Tm16,,optic,intrinsic,left,ACH,0.92
720575940620410606,KCapbp-ap2,KCab-ap2,central,intrinsic,right,ACH,1.0
720575940614775592,PAL01,,central,intrinsic,left,DA,0.69
720575940630727675,CB2266,,central,intrinsic,right,ACH,0.94
720575940628030972,,,ascending,afferent,left,,0.0
720575940629470736,s-CPDN3D,"CB2587, SMP219",central,intrinsic,left,GLUT,0.94
720575940614640424,Tm5e,,optic,intrinsic,right,GLUT,0.63
720575940605703596,Tm5e,,optic,intrinsic,right,GLUT,0.57
720575940629407020,AVLP570,pC2lc,central,intrinsic,left,ACH,0.86
720575940625210969,CB0997,LHAV2a2,central,intrinsic,right,ACH,0.92
720575940612821997,CB4171,FB2F_a,central,intrinsic,left,GLUT,0.95
720575940633164514,Tm5b,,optic,intrinsic,right,ACH,0.86
720575940617063654,Tlp5,,optic,intrinsic,right,GLUT,0.82
720575940658787457,Tm36,,optic,intrinsic,right,ACH,0.77
720575940642328628,Tm25,,optic,intrinsic,right,ACH,0.62
720575940633516513,Y1,,optic,intrinsic,right,GLUT,0.68
720575940607874761,SIP019,,central,intrinsic,left,ACH,0.89
720575940634704097,Li10,,optic,intrinsic,right,GLUT,0.69
720575940622115425,CB3539,,central,intrinsic,left,GLUT,0.84
720575940643339976,SLP405,,central,intrinsic,left,ACH,0.87
720575940612208602,Tm25,,optic,intrinsic,right,ACH,0.55
720575940603996081,SLP405,,central,intrinsic,right,,0.0
720575940610229717,CRE018,,central,intrinsic,left,ACH,0.75
720575940639075150,PAM10,,central,intrinsic,left,DA,0.83
720575940622091107,SIP078,SIP080,central,intrinsic,left,ACH,0.79
720575940619114525,SIP078,SIP080,central,intrinsic,right,,0.0
720575940612619059,SLP106,,central,intrinsic,left,GLUT,0.88
720575940628658939,CB2795,,central,intrinsic,left,GLUT,0.73
720575940637653605,FB8F_a,,central,intrinsic,left,GLUT,0.58
720575940630064195,CB1291,,central,intrinsic,right,ACH,0.77
720575940620000054,CB1225,,central,intrinsic,left,ACH,0.8
720575940617928768,CB1225,,central,intrinsic,left,ACH,0.86
720575940621958655,CB1225,,central,intrinsic,left,ACH,0.9
720575940632664928,CL089_b,,central,intrinsic,left,ACH,0.72
720575940633192076,CL089_b,,central,intrinsic,left,ACH,0.65
720575940620993712,WED124,,central,intrinsic,left,ACH,0.73
720575940614272362,CB1225,,central,intrinsic,right,ACH,0.83
720575940624479626,CB3868,CL280,central,intrinsic,left,ACH,0.94
720575940629985132,CB2612,AVLP003,central,intrinsic,right,GABA,0.7
720575940637658981,CB3093,"SMP363, SMP364",central,intrinsic,right,ACH,0.94
720575940618393925,CB3111,,central,intrinsic,right,ACH,0.92
720575940630651959,Li05,,optic,intrinsic,left,ACH,0.93
720575940629505283,Li05,,optic,intrinsic,left,ACH,0.93
720575940622649863,LC36,,visual_projection,intrinsic,left,ACH,0.82
720575940621771124,LC10b,LC10,visual_projection,intrinsic,left,ACH,0.93
720575940628457448,PFL3,,central,intrinsic,left,ACH,0.78
720575940637694517,PLP099,,central,intrinsic,left,ACH,0.64
720575940631292667,LT47,,visual_projection,intrinsic,left,ACH,0.68
720575940616292165,CB2785,aSP31,central,intrinsic,left,GLUT,0.83
720575940616998668,LC22,,visual_projection,intrinsic,left,ACH,0.86
720575940624789125,M_adPNm4,,central,intrinsic,right,ACH,0.92
720575940635507960,CB1079,,central,intrinsic,right,GABA,0.9
720575940625511403,Sm14,,optic,intrinsic,right,GLUT,0.65
720575940625067593,SMP590,,central,intrinsic,right,,0.0
720575940618755494,CB1701,"LHAV4e2_a, LHAV4e5",central,intrinsic,right,GABA,0.73
720575940603453286,M_adPNm5,,central,intrinsic,right,ACH,0.93
720575940620840368,M_lvPNm41,,central,intrinsic,left,ACH,0.95
720575940653332385,KCapbp-ap2,KCab-ap2,central,intrinsic,right,ACH,1.0
720575940628422479,SLP240_b,,central,intrinsic,right,ACH,0.79
720575940631416121,CB2415,,central,intrinsic,right,ACH,0.66
720575940636367076,CB2611,aSP31,central,intrinsic,right,GLUT,0.82
720575940631585644,CL090_a,,central,intrinsic,left,ACH,0.79
720575940624846517,WED125,,central,intrinsic,left,ACH,0.72
720575940626656010,SIP025,,central,intrinsic,right,ACH,0.78
720575940618842929,PAM09,,central,intrinsic,left,DA,0.68
720575940641006299,CB1085,"AVLP412, AVLP413, AVLP414",central,intrinsic,left,ACH,0.7
720575940626789392,PLP150c,PLP150,central,intrinsic,left,ACH,0.57
720575940621235988,LT64,,visual_projection,intrinsic,left,ACH,0.75
720575940627084905,AVLP244,aSP10a,central,intrinsic,right,ACH,0.88
720575940632556499,SMP249,,central,intrinsic,left,GLUT,0.75
720575940616546205,CB1200,"SIP051, SLP331",central,intrinsic,left,ACH,0.97
720575940624282099,CB1716,,central,intrinsic,left,,0.0
720575940655571617,IB022,,central,intrinsic,left,ACH,0.66
720575940604597536,LTe38a,PLP152,visual_projection,intrinsic,right,ACH,0.94
720575940639358579,PAM11,,central,intrinsic,right,DA,0.88
720575940622089174,LLPC2,"LLPC2a, LLPC2b, LLPC2c, LLPC2d",visual_projection,intrinsic,right,ACH,0.62
720575940615942506,DGI,,central,intrinsic,left,,0.0
720575940621418120,FR1,,central,intrinsic,right,,0.0
720575940620177543,CB3279,,central,intrinsic,left,GABA,0.81
720575940625385316,CL178,,central,intrinsic,right,GLUT,0.64
720575940613212050,CB2336,LHAV3n1,central,intrinsic,right,ACH,0.93
720575940611469738,CL090_c,,central,intrinsic,right,ACH,0.86
720575940630118927,SMP597,,central,intrinsic,left,ACH,0.85
720575940609713587,CB1207,"AVLP367, AVLP368",central,intrinsic,right,ACH,0.69
720575940632278189,CB1727,SMP196,central,intrinsic,left,ACH,0.83
720575940628391250,SLP065,,central,intrinsic,right,GABA,0.72
720575940614150567,SLP287,,central,intrinsic,right,GLUT,0.84
720575940625989732,CL100,,central,intrinsic,left,ACH,0.81
720575940631160111,CB3360,,central,intrinsic,right,GLUT,0.92
720575940644658711,LC13,,visual_projection,intrinsic,right,ACH,0.5
720575940646310947,pC1a,,central,intrinsic,left,ACH,0.8
720575940643653655,Tm5c,,optic,intrinsic,right,GLUT,0.62
720575940639730560,Y3,,optic,intrinsic,right,ACH,0.76
720575940617592660,Tm5d,,optic,intrinsic,right,,0.0
720575940622295773,Tm8a,,optic,intrinsic,right,ACH,0.88
720575940629191409,Tm5c,,optic,intrinsic,right,,0.0
720575940613671889,Tm8a,,optic,intrinsic,right,ACH,0.89
720575940611554673,Tm3,,optic,intrinsic,right,ACH,0.63
720575940640620240,Tm4,,optic,intrinsic,right,ACH,0.67
720575940623445580,Tm4,,optic,intrinsic,right,ACH,0.77
720575940629154545,LC34,,visual_projection,intrinsic,right,ACH,0.8
720575940640337205,Tm8b,,optic,intrinsic,right,ACH,0.85
720575940653866401,AVLP121,,central,intrinsic,left,ACH,0.91
720575940612523470,CB1738,AVLP279,central,intrinsic,left,ACH,0.57
720575940626016549,CB2241,,central,intrinsic,right,ACH,0.83
720575940636504553,AVLP009,"aSP8, AVLP_pr02, aSP8a",central,intrinsic,right,GABA,0.67
720575940619583749,AVLP009,"AVLP_pr02, aSP8a",central,intrinsic,right,GABA,0.65
720575940627354372,CB1476,,central,intrinsic,right,ACH,0.84
720575940630707795,CB2903,aIP2,central,intrinsic,right,ACH,0.79
720575940611855224,CB2652,CL354,central,intrinsic,right,GLUT,0.67
720575940612889713,CL073,,central,intrinsic,left,ACH,0.6
720575940607627275,CB2930,aIP2,central,intrinsic,right,ACH,0.88
720575940622929643,AVLP232,,central,intrinsic,right,ACH,0.96
720575940624273395,CL062_a,,central,intrinsic,right,ACH,0.91
720575940609779465,SIP201f,"CL276, CL278, CL279, VES061, VES062, pIP5",central,intrinsic,right,ACH,0.93
720575940605248898,AVLP469b,AVLP469,central,intrinsic,right,GABA,0.64
720575940618239035,CB2348,,central,intrinsic,left,ACH,0.85
720575940618298205,MTe20,hb602382052,visual_projection,intrinsic,left,GABA,0.8
720575940633941549,LHAV5a2_a3,LHAV5a2_a,central,intrinsic,right,ACH,0.62
720575940630037073,CL062_a,AVLP_pr12,central,intrinsic,left,ACH,0.92
720575940609499086,CB2139,,central,intrinsic,left,GABA,0.79
720575940615892748,CB1995,AVLP524_b,central,intrinsic,right,ACH,0.92
720575940638108787,CB1394_a,,central,intrinsic,left,GLUT,0.44
720575940617797405,CB2963,,central,intrinsic,right,ACH,0.9
720575940607276739,LAL048,,central,intrinsic,right,GABA,0.78
720575940620249478,CB1394_c,,central,intrinsic,left,GLUT,0.44
720575940628217524,Tm5f,,optic,intrinsic,right,ACH,0.82
720575940623484455,Tm5f,,optic,intrinsic,right,ACH,0.76
720575940632831263,Dm15,,optic,intrinsic,right,GLUT,0.59
720575940619165213,CB3337,AVLP231,central,intrinsic,right,ACH,0.72
720575940621231850,CB1190,,central,intrinsic,right,,0.0
720575940630890040,mAL5A,mAL_fru,central,intrinsic,right,GLUT,0.63
720575940630383045,AVLP306,,central,intrinsic,left,ACH,0.74
720575940631064387,CB1911,,central,intrinsic,right,GLUT,0.78
720575940636063406,CB3978,"CL121, CL122, aDT5a",central,intrinsic,right,GABA,0.58
720575940627721154,CB3006,,central,intrinsic,right,ACH,0.87
720575940631968855,WED057,,central,intrinsic,right,GABA,0.74
720575940610683315,LB1e,,sensory,afferent,left,ACH,0.44
720575940629680379,WED168,,central,intrinsic,left,ACH,0.89
720575940628632057,AOTU059,pIP14,central,intrinsic,left,GABA,0.8
720575940622215960,AVLP034,,central,intrinsic,left,ACH,0.73
720575940623330318,Mi9,,optic,intrinsic,right,GLUT,0.6
720575940622557675,CB1638,,central,intrinsic,right,ACH,0.73
720575940625512683,CB1995,,central,intrinsic,right,ACH,0.81
720575940605915616,MTe01b,MC66,visual_projection,intrinsic,left,ACH,0.84
720575940626855430,CB1772,,central,intrinsic,right,ACH,0.72
720575940608620227,CB3414,,central,intrinsic,right,ACH,0.94
720575940639375182,JO-A,,sensory,afferent,right,,0.0
720575940605225900,Tm20,,optic,intrinsic,right,ACH,0.7
720575940618916123,PS247,,central,intrinsic,right,ACH,0.87
720575940650871673,MTe01b,MC66,visual_projection,intrinsic,left,ACH,0.88
720575940626548753,CB2666,PS285,central,intrinsic,right,GLUT,0.68
720575940636422767,MLt4,,optic,intrinsic,right,ACH,0.8
720575940622388918,CB1380,AVLP481,central,intrinsic,right,GABA,0.84
720575940627569920,CB1395,"AVLP480, PVLP110",central,intrinsic,right,GABA,0.67
720575940642253728,AVLP441,,central,intrinsic,right,ACH,0.63
720575940626952963,CB1505,,central,intrinsic,right,ACH,0.69
720575940622367112,PVLP048,,central,intrinsic,right,GABA,0.81
720575940624217834,SLP396,,central,intrinsic,left,ACH,0.88
720575940632839272,aMe5,,visual_projection,intrinsic,right,ACH,0.72
720575940631289135,aMe5,,visual_projection,intrinsic,left,ACH,0.81
720575940630016761,AN_multi_53,,ascending,afferent,left,ACH,0.76
720575940603235500,CB1122,,central,intrinsic,left,GABA,0.55
720575940618825552,CB1550,,central,intrinsic,right,ACH,0.84
720575940631158242,CB3006,AVLP_pr31,central,intrinsic,left,ACH,0.87
720575940625489160,DNge150,,descending,efferent,center,OCT,0.6
720575940626228057,CB3898,,central,intrinsic,center,GABA,0.45
720575940634103671,SMP020,,central,intrinsic,left,ACH,0.78
720575940631078504,VES049,,central,intrinsic,right,GLUT,0.77
720575940630538833,CB2580,,central,intrinsic,left,ACH,0.94
720575940605177534,CB2580,,central,intrinsic,left,ACH,0.93
720575940603197408,FB2E,,central,intrinsic,left,GLUT,0.7
720575940609793326,CL208,,central,intrinsic,left,ACH,0.84
720575940611939026,PFNd,,central,intrinsic,left,ACH,0.76
720575940618576286,CB2519,,central,intrinsic,left,ACH,0.78
720575940626504752,CL086_a,CL086_d,central,intrinsic,right,ACH,0.68
720575940624836810,PFNm,,central,intrinsic,right,ACH,0.8
720575940644631587,PFNm,,central,intrinsic,right,ACH,0.81
720575940638542424,PFNd,,central,intrinsic,left,ACH,0.79
720575940610813538,CL239,,central,intrinsic,right,GLUT,0.88
720575940623889552,FC1A,"FC1B, FC1F",central,intrinsic,right,ACH,0.57
720575940615181273,FR2,,central,intrinsic,left,ACH,0.76
720575940625966833,CB3497,,central,intrinsic,right,GABA,0.47
720575940628950906,CB1380,AVLP481,central,intrinsic,right,GABA,0.85
720575940630431225,CL204,,central,intrinsic,right,ACH,0.82
720575940621504794,PAM05,,central,intrinsic,left,DA,0.79
720575940636461710,PAM13,,central,intrinsic,right,DA,0.78
720575940631505659,CB1055,,central,intrinsic,left,GABA,0.63
720575940606595518,MTe50,,visual_projection,intrinsic,right,ACH,0.9
720575940634043247,CB1359,,central,intrinsic,right,GLUT,0.8
720575940619960325,CB1544,,central,intrinsic,right,GABA,0.81
720575940605743648,CL210,,central,intrinsic,right,ACH,0.78
720575940625706895,PVLP004,PVLP005,central,intrinsic,left,GLUT,0.69
720575940625606192,SMP331b,SMP331,central,intrinsic,right,ACH,0.75
720575940637994173,CL210_a,,central,intrinsic,right,ACH,0.67
720575940625503321,CB1355,,central,intrinsic,left,ACH,0.83
720575940610685538,SLP170,,central,intrinsic,right,GLUT,0.85
720575940634073569,MTe01b,MC66,visual_projection,intrinsic,left,ACH,0.85
720575940626102790,FC1A,"FC1B, FC1F",central,intrinsic,left,ACH,0.59
720575940638267992,SLP224,,central,intrinsic,right,ACH,0.89
720575940626324357,SLP364,,central,intrinsic,right,GLUT,0.69
720575940623218360,Tm4,,optic,intrinsic,right,ACH,0.73
720575940631773523,LC22,,visual_projection,intrinsic,right,ACH,0.87
720575940629749559,CB2616,SLP337,central,intrinsic,right,GLUT,0.75
720575940631223314,LHPV5b3,,central,intrinsic,right,ACH,0.91
720575940630584079,VP1l+_lvPN,,central,intrinsic,left,ACH,0.83
720575940610316642,PVLP049,,central,intrinsic,left,ACH,0.73
720575940635640312,DNp62,DSKMP1B,descending,efferent,left,SER,0.5
720575940626815120,CB0448,,central,intrinsic,left,,0.0
720575940632046540,SMP393b,SMP393,central,intrinsic,right,ACH,0.69
720575940624676071,SIP201f,"CL276, CL278, CL279, VES061, VES062, pIP5",central,intrinsic,left,ACH,0.89
720575940617668537,JO-A,,sensory,afferent,right,,0.0
720575940623392892,PLP115_a,,central,intrinsic,right,ACH,0.95
720575940644598324,AN_GNG_204,,ascending,afferent,right,,0.0
720575940629139968,DNge113,,descending,efferent,right,ACH,0.78
720575940637079667,CL062_b,AVLP_pr12,central,intrinsic,left,ACH,0.74
720575940610409170,CL078b,CL078,central,intrinsic,right,ACH,0.53
720575940618951883,CB1208,"AVLP386, AVLP388",central,intrinsic,right,ACH,0.88
720575940624483722,CB0151,PVLP147,central,intrinsic,left,ACH,0.79
720575940642967662,LHPV4a5,LHPV4k1,central,intrinsic,right,GLUT,0.53
720575940610236740,JO-A,,sensory,afferent,right,ACH,0.57
720575940622483060,CB2374,,central,intrinsic,left,GLUT,0.9
720575940606264422,AVLP461,,central,intrinsic,right,SER,0.59
720575940611240627,SMP106,aSP2,central,intrinsic,right,GLUT,0.95
720575940627033875,PFGs,,central,intrinsic,left,GLUT,0.48
720575940627131218,CB1169,,central,intrinsic,left,GLUT,0.92
720575940626902602,FS1A,,central,intrinsic,left,,0.0
720575940623457100,Li10,,optic,intrinsic,left,ACH,0.92
720575940627558991,Tm16,,optic,intrinsic,left,ACH,0.9
720575940612846643,Tm20,,optic,intrinsic,right,ACH,0.57
720575940639414144,CB1298,,central,intrinsic,right,ACH,0.87
720575940616296763,ATL009,,central,intrinsic,right,GABA,0.78
720575940634660833,CB1842,,central,intrinsic,right,ACH,0.89
720575940625841241,,,ascending,afferent,left,GLUT,0.64
720575940633394283,CB2066,,central,intrinsic,right,GABA,0.7
720575940603622828,CB0955,AVLP377,central,intrinsic,right,ACH,0.91
720575940627932072,Sm09,,optic,intrinsic,right,GLUT,0.73
720575940627445020,MTe03,,visual_projection,intrinsic,right,ACH,0.89
720575940611469518,CB2952,,central,intrinsic,right,GLUT,0.87
720575940627008345,SAD077,,central,intrinsic,left,,0.0
720575940618822429,LC35,,visual_projection,intrinsic,left,ACH,0.78
720575940644870167,FB2M,,central,intrinsic,left,GLUT,0.94
720575940635539263,CB1596,CL274,central,intrinsic,right,ACH,0.85
720575940628287170,AVLP486,,central,intrinsic,right,GABA,0.66
720575940631282247,FB2K,,central,intrinsic,right,GLUT,0.44
720575940632134995,CB1712,SMP352,central,intrinsic,right,ACH,0.83
720575940614336106,FC3,,central,intrinsic,left,ACH,0.82
720575940625681456,LHCENT13_b,,central,intrinsic,left,GABA,0.66
720575940646412323,CB1664,LHAV4b4,central,intrinsic,left,,0.0
720575940626885757,,,central,intrinsic,left,GABA,0.6
720575940635054687,LHPV6h1,,central,intrinsic,right,ACH,0.87
720575940620717667,CB1687,,central,intrinsic,right,GLUT,0.76
720575940633613794,LHAV4g1b,LHAV4g1_a,central,intrinsic,right,GABA,0.66
720575940660196225,CB3356,,central,intrinsic,right,ACH,0.82
720575940618256833,M_vPNml53,,central,intrinsic,right,GABA,0.78
720575940619973254,LHPV6a3,,central,intrinsic,right,ACH,0.97
720575940633791935,PhG11,,sensory,afferent,right,ACH,0.82
720575940623118029,AN_GNG_FLA_2,,ascending,afferent,left,ACH,0.97
720575940619387814,LB2a-b,,sensory,afferent,left,GLUT,0.45
720575940613039587,CL096,,central,intrinsic,left,ACH,0.87
720575940622930456,CB2215,LHAV2k12_a,central,intrinsic,right,ACH,0.93
720575940618570726,CB1243,,central,intrinsic,right,ACH,0.95
720575940613787390,AVLP298,,central,intrinsic,right,ACH,0.74
720575940627728009,CB2493,LHPV2a3,central,intrinsic,right,GABA,0.68
720575940639986877,LC35,,visual_projection,intrinsic,left,ACH,0.86
720575940639606747,AN_GNG_100,,ascending,afferent,left,GABA,0.83
720575940624087369,CB0373,,central,intrinsic,right,GLUT,0.74
720575940620205505,SMP561,,central,intrinsic,left,ACH,0.94
720575940627952683,CB3049,,central,intrinsic,right,ACH,0.95
720575940623952679,CB2082,CL191,central,intrinsic,left,GLUT,0.7
720575940629229506,SMP566b,SMP566,central,intrinsic,left,ACH,0.73
720575940624887324,CB0938,LHAD1i2_b,central,intrinsic,left,ACH,0.87
720575940621054404,CB1896,,central,intrinsic,left,ACH,0.68
720575940613561868,LC10a,LC10,visual_projection,intrinsic,right,ACH,0.67
720575940637637208,PLP106,,central,intrinsic,right,ACH,0.87
720575940620928647,AN_AVLP_SAD_1,,ascending,afferent,right,ACH,0.87
720575940615211195,AN_SPS_IPS_5,,ascending,afferent,right,ACH,0.86
720575940624737511,LHPV5c1,,central,intrinsic,right,ACH,0.94
720575940619997819,CB0025,,central,intrinsic,left,GLUT,0.5
720575940621048758,CB2214,"SIP074, SIP075",central,intrinsic,left,ACH,0.52
720575940618611280,AVLP140,,central,intrinsic,right,ACH,0.84
720575940625144624,Tm20,,optic,intrinsic,right,ACH,0.65
720575940615478877,CB2001,,central,intrinsic,right,ACH,0.86
720575940615220802,PFNv,,central,intrinsic,left,ACH,0.7
720575940631605356,AVLP232,,central,intrinsic,right,ACH,0.94
720575940612834600,TmY31,,optic,intrinsic,right,ACH,0.82
720575940621260020,CB2744,,central,intrinsic,right,ACH,0.88
720575940621584809,CB2467,,central,intrinsic,right,ACH,0.93
720575940615964555,LC22,,visual_projection,intrinsic,left,ACH,0.83
720575940641173376,PFGs,,central,intrinsic,right,GLUT,0.47
720575940616732884,AVLP195,,central,intrinsic,left,ACH,0.46
720575940640524763,AVLP441,,central,intrinsic,right,ACH,0.86
720575940613901170,AVLP586,,central,intrinsic,right,GLUT,0.81
720575940618552229,CB0784,,central,intrinsic,left,GLUT,0.78
720575940626695452,CB1973,,central,intrinsic,left,ACH,0.85
720575940620539227,SLP025b,SLP025,central,intrinsic,left,GLUT,0.86
720575940630932943,CB1503,LHPV4a2,central,intrinsic,right,GLUT,0.64
720575940630454867,AVLP028,,central,intrinsic,left,ACH,0.91
720575940622247292,CB2679,,central,intrinsic,left,ACH,0.79
720575940622655949,CB3283,,central,intrinsic,left,GABA,0.57
720575940623291647,CB1381,LHAV4g12,central,intrinsic,left,,0.0
720575940622026334,CB1241,,central,intrinsic,left,ACH,0.93
720575940608376622,M_lvPNm46,,central,intrinsic,left,ACH,0.96
720575940624938938,SLP048,,central,intrinsic,left,ACH,0.89
720575940622081057,CB2919,,central,intrinsic,left,,0.0
720575940604919473,CB3383,"M_lvPNm38, VC5_lvPN",central,intrinsic,left,ACH,0.99
720575940626457221,SLP345,,central,intrinsic,left,GLUT,0.84
720575940627210502,CB1563,,central,intrinsic,left,ACH,0.65
720575940628420106,LHAD1f1a,LHAD1f1,central,intrinsic,left,GLUT,0.77
720575940605421442,DL2d_adPN,,central,intrinsic,left,ACH,0.92
720575940613426343,CB2071,,central,intrinsic,left,ACH,0.87
720575940620626011,CB1470,,central,intrinsic,left,ACH,0.74
720575940613845516,SMP298,,central,intrinsic,left,GABA,0.63
720575940634733025,CB2756,,central,intrinsic,left,GLUT,0.86
720575940627040549,CB1563,,central,intrinsic,left,ACH,0.71
720575940624530372,CB1199,,central,intrinsic,left,ACH,0.8
720575940618300465,CB4233,,central,intrinsic,right,ACH,0.93
720575940621460645,KCapbp-ap1,KCab-ap1,central,intrinsic,right,ACH,1.0
720575940624535554,CB1390,"SMP484, pMP3-pCd1",central,intrinsic,right,ACH,0.83
720575940628783637,WED039,,central,intrinsic,right,GLUT,0.7
720575940621999228,SMP399b,SMP399,central,intrinsic,left,ACH,0.81
720575940617874555,CB1679,,central,intrinsic,left,GLUT,0.71
720575940616297729,SMP452,,central,intrinsic,right,GLUT,0.69
720575940631252051,CB2638,,central,intrinsic,right,ACH,0.88
720575940616237201,CB1396,,central,intrinsic,right,GLUT,0.75
720575940615218875,CB1621,,central,intrinsic,right,GLUT,0.93
720575940616104379,CB2087,,central,intrinsic,right,GABA,0.82
720575940613016104,M_lvPNm35,,central,intrinsic,right,ACH,0.95
720575940618404510,M_lvPNm37,,central,intrinsic,right,ACH,0.95
720575940627285322,CB3010,,central,intrinsic,right,ACH,0.86
720575940631605079,s-CPDN3A,"CB1770, SMP216, DN3A",central,intrinsic,left,GLUT,0.9
720575940605702065,LHAD1a1,,central,intrinsic,left,ACH,0.84
720575940622731667,VES021,,central,intrinsic,right,GABA,0.65
720575940635102832,CB2040,,central,intrinsic,right,ACH,0.93
720575940633666724,SLP102,,central,intrinsic,right,GLUT,0.78
720575940628527607,SMP460,,central,intrinsic,left,ACH,0.72
720575940638798141,s-CPDN3B,CB3252,central,intrinsic,right,GLUT,0.87
720575940628971513,CB3890,SMP167,central,intrinsic,right,GABA,0.73
720575940620027003,CB2357,,central,intrinsic,left,GABA,0.54
720575940627433288,FB5V,,central,intrinsic,right,GLUT,0.41
720575940610867683,CB2668,"SMP557, aIPgb",central,intrinsic,right,ACH,0.91
720575940623687757,CB0746,,central,intrinsic,right,ACH,0.65
720575940627171483,LAL088,,central,intrinsic,left,GLUT,0.57
720575940636413018,ATL010,,central,intrinsic,left,GABA,0.69
720575940622793255,SMP213,,central,intrinsic,right,GLUT,0.59
720575940644752494,LAL089,,central,intrinsic,left,GLUT,0.71
720575940647303300,CB1079,,central,intrinsic,left,GABA,0.64
720575940622143757,WED040,,central,intrinsic,right,GLUT,0.48
720575940634654053,CL328,"IB070, IB071",central,intrinsic,right,ACH,0.66
720575940618912158,CB3147,,central,intrinsic,right,ACH,0.71
720575940619411008,CB1620,,central,intrinsic,right,ACH,0.82
720575940606687957,CL062_a,AVLP_pr12,central,intrinsic,left,ACH,0.89
720575940614042822,SMP280,,central,intrinsic,right,GLUT,0.86
720575940619272408,CB1191,"SLP088, SLP095",central,intrinsic,right,GLUT,0.67
720575940622733821,PLP155,,central,intrinsic,left,ACH,0.83
720575940637002724,CB2367,,central,intrinsic,left,ACH,0.89
720575940640962158,AN_LAL_1,,ascending,afferent,right,,0.0
720575940617145561,PAM01,aSP13,central,intrinsic,right,DA,0.95
720575940639171044,CB2040,,central,intrinsic,left,ACH,0.92
720575940638084467,CB3194,LHPD2c2,central,intrinsic,right,ACH,0.8
720575940617187195,CB2881,"PLP050, PLP40",central,intrinsic,right,GLUT,0.64
720575940636903750,CB2008,AVLP410,central,intrinsic,right,ACH,0.84
720575940628016387,LAL042,,central,intrinsic,left,GLUT,0.75
720575940628592506,CB1950,,central,intrinsic,right,ACH,0.94
720575940637924324,FB5V,,central,intrinsic,left,GLUT,0.44
720575940624521706,LAL089,,central,intrinsic,left,GLUT,0.57
720575940610501315,AN_AVLP_48,,ascending,afferent,right,ACH,0.8
720575940623017741,LHAD3g1,,central,intrinsic,left,GLUT,0.8
720575940631940377,FLA100f,,central,intrinsic,right,GABA,0.48
720575940620121223,CB1359,,central,intrinsic,right,GLUT,0.81
720575940621871999,LTe32,,visual_projection,intrinsic,right,GLUT,0.68
720575940629202391,CRE060,CRE067,central,intrinsic,left,ACH,0.68
720575940619759750,CB2841,,central,intrinsic,right,ACH,0.85
720575940619706561,CB2230,SIP011,central,intrinsic,right,GLUT,0.83
720575940636838256,CB2584,,central,intrinsic,left,GLUT,0.87
720575940621257340,oviDNa_b,"SLP410, oviDNb",descending,efferent,left,ACH,0.71
720575940639378547,CB1434,,central,intrinsic,left,GLUT,0.88
720575940616134939,SMP166,,central,intrinsic,right,GABA,0.84
720575940643998487,CB2509,CRE093,central,intrinsic,left,ACH,0.94
720575940616300061,ATL010,,central,intrinsic,right,GABA,0.78
720575940637332851,LHPV2c2a,LHPV2c2,central,intrinsic,right,GLUT,0.54
720575940635875038,AVLP548_b,,central,intrinsic,right,GLUT,0.58
720575940621611800,CB1964,,central,intrinsic,right,ACH,0.8
720575940640420174,LAL035,,central,intrinsic,left,ACH,0.82
720575940631900697,ATL009,,central,intrinsic,right,GABA,0.88
720575940603240876,CB1468,,central,intrinsic,right,ACH,0.75
720575940627831657,FC3,,central,intrinsic,right,ACH,0.64
720575940637664357,LHPV2b5,,central,intrinsic,right,GABA,0.55
720575940634041756,AOTU020,,central,intrinsic,right,GABA,0.82
720575940653018785,CB1613,,central,intrinsic,right,GABA,0.66
720575940615038018,LAL090,,central,intrinsic,left,GLUT,0.49
720575940617184001,CB1095,,central,intrinsic,left,SER,0.53
720575940616505503,LAL157,,central,intrinsic,left,ACH,0.66
720575940634076779,LAL090,,central,intrinsic,left,GLUT,0.57
720575940624373898,LCe06,,visual_projection,intrinsic,left,ACH,0.79
720575940620711384,IB068,,central,intrinsic,left,ACH,0.88
720575940653288097,LAL111,PS060,central,intrinsic,right,GABA,0.85
720575940622404376,LC37,"LC37a, LC37b",visual_projection,intrinsic,left,GLUT,0.75
720575940604447148,CB1089,,central,intrinsic,left,ACH,0.73
720575940604831264,LAL088,,central,intrinsic,right,GLUT,0.59
720575940627067368,AN_AVLP_46,,ascending,afferent,right,ACH,0.87
720575940628104573,SMP008,,central,intrinsic,right,ACH,0.93
720575940609037432,CB3394,,central,intrinsic,left,,0.0
720575940639279679,vDeltaD,,central,intrinsic,right,ACH,0.43
720575940615957853,vDeltaC,,central,intrinsic,right,ACH,0.43
720575940612488615,vDeltaC,,central,intrinsic,left,ACH,0.47
720575940612377775,vDeltaC,,central,intrinsic,right,SER,0.45
720575940624700674,vDeltaE,,central,intrinsic,right,ACH,0.57
720575940624836124,LAL085,,central,intrinsic,right,GLUT,0.49
720575940610177203,PFNm,,central,intrinsic,left,ACH,0.86
720575940654697377,FB4E,,central,intrinsic,left,,0.0
720575940624483216,FC1A,"FC1B, FC1F",central,intrinsic,left,ACH,0.59
720575940613682602,vDeltaD,,central,intrinsic,left,ACH,0.46
720575940654008993,PFNm,,central,intrinsic,right,ACH,0.66
720575940625262108,IbSpsP,,central,intrinsic,right,ACH,0.91
720575940618956829,IB024,,central,intrinsic,left,ACH,0.55
720575940618975214,CB1547,,central,intrinsic,right,ACH,0.9
720575940610268366,vDeltaD,,central,intrinsic,right,ACH,0.73
720575940652886177,FB6T,,central,intrinsic,right,GLUT,0.47
720575940627618801,FC1A,"FC1B, FC1F",central,intrinsic,right,ACH,0.63
720575940615921803,FB4F_a,"FB4F_b, FB4F_c, FB4F",central,intrinsic,right,SER,0.56
720575940637354047,FB3D,,central,intrinsic,left,GLUT,0.54
720575940625666341,CB0951,,central,intrinsic,right,GLUT,0.85
720575940619136020,CB3065,,central,intrinsic,left,GABA,0.52
720575940653705889,LHPV2f2,,central,intrinsic,right,GLUT,0.68
720575940630005622,CB0223,,central,intrinsic,left,ACH,0.79
720575940604074174,FB7G,FB7I,central,intrinsic,left,GLUT,0.86
720575940612732050,CB1046,WED143,central,intrinsic,right,ACH,0.88
720575940615961461,PLP237,,central,intrinsic,right,ACH,0.8
720575940628778490,SAD008,,central,intrinsic,right,ACH,0.72
720575940630544967,JO-EVL,,sensory,afferent,left,ACH,0.78
720575940624126768,CB1055,,central,intrinsic,left,GABA,0.84
720575940605274825,WED164b,WED164,central,intrinsic,right,ACH,0.8
720575940630263865,CB2883,,central,intrinsic,left,ACH,0.86
720575940630658627,CB2123,"SMP463, SMP464",central,intrinsic,left,ACH,0.9
720575940618873179,CB3738,,central,intrinsic,right,GABA,0.6
720575940607567881,CB3017,,central,intrinsic,left,ACH,0.8
720575940624368276,Dm10,,optic,intrinsic,right,GABA,0.8
720575940614506536,R7,,sensory,afferent,right,,0.0
720575940617252642,SAD008,,central,intrinsic,right,ACH,0.56
720575940631019001,Sm19,,optic,intrinsic,right,ACH,0.43
720575940612261295,Dm15,,optic,intrinsic,right,GLUT,0.48
720575940617784133,Tm8a,,optic,intrinsic,right,ACH,0.91
720575940626700474,Tm2,,optic,intrinsic,right,ACH,0.58
720575940613532133,L1,,optic,intrinsic,right,,0.0
720575940632652057,Mi15,,optic,intrinsic,right,ACH,0.57
720575940616063093,Tm20,,optic,intrinsic,right,ACH,0.61
720575940612740501,T4b,,optic,intrinsic,right,ACH,0.45
720575940619608640,Tm27,,optic,intrinsic,right,ACH,0.87
720575940625242512,Tm27,,optic,intrinsic,right,ACH,0.82
720575940622595572,T4a,,optic,intrinsic,right,ACH,0.47
720575940614101731,R8,,sensory,afferent,right,,0.0
720575940626066309,CB2137,WED143,central,intrinsic,right,ACH,0.89
720575940637572324,CB3300,,central,intrinsic,left,ACH,0.62
720575940631305676,Tm20,,optic,intrinsic,right,ACH,0.72
720575940615204458,TmY3,,optic,intrinsic,right,ACH,0.69
720575940629831806,Tm9,,optic,intrinsic,right,ACH,0.83
720575940627024536,Tm20,,optic,intrinsic,right,ACH,0.64
720575940612988182,Tm8b,,optic,intrinsic,right,ACH,0.88
720575940607457714,Tm5a,,optic,intrinsic,right,ACH,0.83
720575940632922067,T4d,,optic,intrinsic,right,,0.0
720575940635081579,LC10a,LC10,visual_projection,intrinsic,right,ACH,0.72
720575940625086595,CB2267_c,WEDPN17_c,central,intrinsic,left,ACH,0.9
720575940629974735,Tm21,,optic,intrinsic,right,ACH,0.82
720575940630356956,T2a,,optic,intrinsic,right,ACH,0.75
720575940621050038,LC10d,LC10,visual_projection,intrinsic,right,ACH,0.69
720575940626694949,R8,,sensory,afferent,right,,0.0
720575940624925989,CB1125,aSP18,central,intrinsic,right,ACH,0.91
720575940635516152,Tm37,,optic,intrinsic,right,ACH,0.53
720575940625297040,Tm34,,optic,intrinsic,right,GLUT,0.91
720575940623935743,T2,,optic,intrinsic,right,ACH,0.85
720575940624248317,Tm4,,optic,intrinsic,right,ACH,0.68
720575940613149146,T2a,,optic,intrinsic,right,ACH,0.8
720575940653623201,Tm5f,,optic,intrinsic,right,ACH,0.71
720575940624709564,Tm4,,optic,intrinsic,right,ACH,0.69
720575940632122443,MLt5,,optic,intrinsic,right,ACH,0.86
720575940619410737,T4d,,optic,intrinsic,right,ACH,0.47
720575940627121594,Tm34,,optic,intrinsic,right,GLUT,0.85
720575940632255388,FS2,,central,intrinsic,right,ACH,0.9
720575940621496959,Tm3,,optic,intrinsic,right,ACH,0.75
720575940613191338,LC22,,visual_projection,intrinsic,right,ACH,0.85
720575940632846284,TmY20,,optic,intrinsic,right,ACH,0.88
720575940623146078,Tm36,,optic,intrinsic,right,ACH,0.85
720575940630786551,Li02,,optic,intrinsic,right,ACH,0.91
720575940635207092,T2a,,optic,intrinsic,right,ACH,0.71
720575940634691508,CB3865,,central,intrinsic,right,GLUT,0.76
720575940611002803,CB2936,,central,intrinsic,left,GABA,0.53
720575940633803711,SMP381,,central,intrinsic,right,ACH,0.58
720575940618490203,PLP188,PLP189,central,intrinsic,right,ACH,0.9
720575940626084410,CB0958,,central,intrinsic,left,,0.0
720575940608891349,CL090_c,,central,intrinsic,left,ACH,0.83
720575940649682809,KCapbp-m,KCab-m,central,intrinsic,left,ACH,1.0
720575940627216283,WEDPN6B,WEDPN6C,central,intrinsic,left,GABA,0.56
720575940631601219,KCapbp-m,KCab-m,central,intrinsic,left,ACH,1.0
720575940627371133,Tm5a,,optic,intrinsic,left,ACH,0.91
720575940631976023,Tm20,,optic,intrinsic,left,ACH,0.78
720575940617559133,Tm5b,,optic,intrinsic,left,ACH,0.84
720575940622518399,Tm5b,,optic,intrinsic,left,ACH,0.9
720575940622363516,Mi4,,optic,intrinsic,left,GABA,0.84
720575940623982794,CB1030,,central,intrinsic,left,ACH,0.71
720575940611873715,TmY31,,optic,intrinsic,right,ACH,0.91
720575940629580414,T4c,,optic,intrinsic,right,ACH,0.57
720575940616528543,CB1556,,central,intrinsic,right,GLUT,0.8
720575940633224519,LC10c,LC10,visual_projection,intrinsic,left,ACH,0.58
720575940630930127,Tm16,,optic,intrinsic,right,ACH,0.77
720575940655606945,Mi13,,optic,intrinsic,right,GLUT,0.55
720575940635504224,LC20b,LC20,visual_projection,intrinsic,right,GLUT,0.55
720575940622307051,KCapbp-ap1,KCab-ap1,central,intrinsic,left,ACH,1.0
720575940632704047,Tm20,,optic,intrinsic,right,ACH,0.61
720575940633850579,SMP515,,central,intrinsic,left,ACH,0.92
720575940627586560,CB3536,,central,intrinsic,right,,0.0
720575940620527707,SLP213,,central,intrinsic,left,ACH,0.79
720575940627984119,LNd_CRY-,"LNd_c, LNd, aSP7",central,intrinsic,left,ACH,0.9
720575940628107536,T5a,,optic,intrinsic,right,ACH,0.57
720575940630363387,T5a,,optic,intrinsic,right,ACH,0.55
720575940625218590,CB2490,,central,intrinsic,left,ACH,0.91
720575940607685387,T5a,,optic,intrinsic,right,ACH,0.49
720575940608242756,FC1C,FC1E,central,intrinsic,right,ACH,0.87
720575940631575916,L4,,optic,intrinsic,right,ACH,0.55
720575940638689001,M_lvPNm29,,central,intrinsic,left,ACH,0.92
720575940608257754,T4a,,optic,intrinsic,right,ACH,0.58
720575940625584176,CB0386,,central,intrinsic,left,GLUT,0.94
720575940643436960,T5a,,optic,intrinsic,right,ACH,0.64
720575940625028871,TmY10,,optic,intrinsic,right,ACH,0.79
720575940636290296,Tm4,,optic,intrinsic,right,ACH,0.75
720575940618756642,Tm5e,,optic,intrinsic,right,GLUT,0.55
720575940614076456,LC28a,LC28b,visual_projection,intrinsic,right,ACH,0.76
720575940638407231,Li08,,optic,intrinsic,right,GABA,0.91
720575940648678276,TmY10,,optic,intrinsic,right,ACH,0.83
720575940629707002,LC34,,visual_projection,intrinsic,right,ACH,0.89
720575940608389468,Dm2,,optic,intrinsic,right,ACH,0.83
720575940634503449,Tm5d,,optic,intrinsic,right,GLUT,0.62
720575940609371086,KCab-p,,central,intrinsic,right,ACH,1.0
720575940608745006,FB8G,,central,intrinsic,right,GLUT,0.88
720575940609676100,KCab-p,,central,intrinsic,left,ACH,1.0
720575940630068327,CB2196,"SLP261, SLP262",central,intrinsic,left,GLUT,0.86
720575940625647618,CL086_a,CL086_d,central,intrinsic,left,ACH,0.69
720575940624329546,T5a,,optic,intrinsic,right,ACH,0.56
720575940618292901,FB6S,,central,intrinsic,right,GLUT,0.57
720575940613347793,CB4219,"M_lPNm12, M_lPNm13",central,intrinsic,left,ACH,0.95
720575940625486948,KCab,KCab-c,central,intrinsic,left,ACH,1.0
720575940614331619,SLP101,,central,intrinsic,right,GLUT,0.65
720575940618910411,SLP340,,central,intrinsic,left,GLUT,0.83
720575940613729695,FC1C,FC1E,central,intrinsic,left,ACH,0.75
720575940627924501,TmY9q,,optic,intrinsic,right,ACH,0.83
720575940630900983,FB8G,,central,intrinsic,left,GLUT,0.88
720575940625414666,CL210,,central,intrinsic,left,ACH,0.79
720575940625418983,cLP01,,visual_centrifugal,intrinsic,right,GABA,0.94
720575940612711594,TmY31,,optic,intrinsic,left,ACH,0.9
720575940606050732,Tm16,,optic,intrinsic,left,ACH,0.84
720575940628753999,CB2776,,central,intrinsic,right,GABA,0.89
720575940618112795,Tm4,,optic,intrinsic,left,ACH,0.73
720575940630435525,CB1292,LAL189,central,intrinsic,left,ACH,0.86
720575940616350011,KCab,KCab-s,central,intrinsic,right,ACH,1.0
720575940613464037,TmY31,,optic,intrinsic,left,ACH,0.85
720575940637699773,PS109,,central,intrinsic,right,ACH,0.78
720575940629508726,AOTU032,AOTU034,central,intrinsic,left,ACH,0.84
720575940623113962,Y3,,optic,intrinsic,left,ACH,0.77
720575940624417052,FC1A,"FC1B, FC1F",central,intrinsic,right,ACH,0.72
720575940626571602,SMP168,,central,intrinsic,left,ACH,0.44
720575940613434287,VES039,,central,intrinsic,right,GABA,0.59
720575940624811499,CB2026,,central,intrinsic,left,GLUT,0.81
720575940617760158,CB1705,,central,intrinsic,right,GABA,0.83
720575940637314906,CB2479,,central,intrinsic,left,ACH,0.9
720575940633174242,Tm27,,optic,intrinsic,right,ACH,0.93
720575940630424121,ORN_VC3,ORN_VC3l,sensory,afferent,right,ACH,0.82
720575940623503945,ORN_DC4,,sensory,afferent,right,ACH,0.81
720575940628404188,KCapbp-ap2,KCab-ap2,central,intrinsic,right,ACH,1.0
720575940616041913,KCapbp-ap2,KCab-ap2,central,intrinsic,right,ACH,1.0
720575940637321079,CB2415,,central,intrinsic,right,ACH,0.82
720575940639210072,CB3117,LHPV6a1,central,intrinsic,right,ACH,0.91
720575940626518302,CB2908,,central,intrinsic,left,,0.0
720575940603944672,LC9,,visual_projection,intrinsic,left,ACH,0.66
720575940623411277,CB2610,,central,intrinsic,right,ACH,0.84
720575940620540329,CB1786,,central,intrinsic,left,GLUT,0.69
720575940630145311,AN_GNG_78,,ascending,afferent,right,,0.0
720575940631417057,AN_GNG_161,,ascending,afferent,right,ACH,0.87
720575940619937812,T5a,,optic,intrinsic,right,ACH,0.63
720575940604693164,CB3930,,central,intrinsic,left,ACH,0.78
720575940629345398,CB4244,"AVLP245, AVLP247, AVLP248, aSP10a",central,intrinsic,left,ACH,0.93
720575940621848858,TmY31,,optic,intrinsic,left,ACH,0.91
720575940619853481,CB4244,"AVLP245, AVLP247, AVLP248, aSP10a",central,intrinsic,left,ACH,0.87
720575940646355508,Tm16,,optic,intrinsic,left,ACH,0.84
720575940625503792,CB2657,CL134,central,intrinsic,left,GLUT,0.77
720575940651277814,CL090_e,,central,intrinsic,left,ACH,0.8
720575940606756198,CB1467,,central,intrinsic,left,ACH,0.81
720575940629569340,CL090_c,,central,intrinsic,left,ACH,0.9
720575940627608169,CB3872,CL090_d,central,intrinsic,left,ACH,0.9
720575940630959780,WEDPN6B,WEDPN6C,central,intrinsic,left,GLUT,0.59
720575940630434858,LTe58,PLP153,visual_projection,intrinsic,left,ACH,0.94
720575940637615205,CL048,,central,intrinsic,left,GLUT,0.78
720575940630263619,KCab-p,,central,intrinsic,left,ACH,1.0
720575940632802785,SMP460,,central,intrinsic,right,ACH,0.73
720575940626386025,CB1131,"PS043, PS044",central,intrinsic,left,ACH,0.76
720575940645163287,Tm32,,optic,intrinsic,left,GLUT,0.78
720575940626090782,FB8G,,central,intrinsic,right,GLUT,0.92
720575940637901731,CB1876,,central,intrinsic,left,ACH,0.59
720575940615152011,CB2761,M_vPNml76,central,intrinsic,left,GABA,0.88
720575940626065162,CB1434,,central,intrinsic,left,GLUT,0.84
720575940627201929,T4a,,optic,intrinsic,right,ACH,0.65
720575940647770489,CB1679,,central,intrinsic,right,GLUT,0.68
720575940622055777,WED127,,central,intrinsic,left,ACH,0.8
720575940627198799,KCab-p,,central,intrinsic,left,ACH,1.0
720575940622412838,KCab-p,,central,intrinsic,right,ACH,1.0
720575940636478063,T5a,,optic,intrinsic,right,ACH,0.59
720575940629319106,KCab-p,,central,intrinsic,right,ACH,1.0
720575940615000426,LHAD1b4,,central,intrinsic,right,ACH,0.88
720575940621616133,LHAV2g2_a,,central,intrinsic,left,ACH,0.75
720575940624207145,SMP194,,central,intrinsic,left,ACH,0.79
720575940623393160,Tm7,,optic,intrinsic,right,ACH,0.85
720575940620510640,PLP099,,central,intrinsic,right,ACH,0.82
